"Step","train/loss","./SMOL_DPO_ALPHA_DIVERGENCE - train/loss__MIN","./SMOL_DPO_ALPHA_DIVERGENCE - train/loss__MAX"
"0","0.6931","0.6931","0.6931"
"1","0.701","0.701","0.701"
"2","0.6715","0.6715","0.6715"
"3","0.6986","0.6986","0.6986"
"4","0.6973","0.6973","0.6973"
"5","0.6496","0.6496","0.6496"
"6","0.6355","0.6355","0.6355"
"7","0.6958","0.6958","0.6958"
"8","0.6849","0.6849","0.6849"
"9","0.7124","0.7124","0.7124"
"10","0.607","0.607","0.607"
"11","0.6383","0.6383","0.6383"
"12","0.6643","0.6643","0.6643"
"13","0.6147","0.6147","0.6147"
"14","0.6882","0.6882","0.6882"
"15","0.7116","0.7116","0.7116"
"16","0.7951","0.7951","0.7951"
"17","0.6389","0.6389","0.6389"
"18","0.6561","0.6561","0.6561"
"19","0.5289","0.5289","0.5289"
"20","0.6045","0.6045","0.6045"
"21","0.6119","0.6119","0.6119"
"22","0.6705","0.6705","0.6705"
"23","0.6156","0.6156","0.6156"
"24","0.6562","0.6562","0.6562"
"25","0.4855","0.4855","0.4855"
"26","0.6071","0.6071","0.6071"
"27","0.5422","0.5422","0.5422"
"28","0.5574","0.5574","0.5574"
"29","0.6326","0.6326","0.6326"
"30","0.7464","0.7464","0.7464"
"31","0.5301","0.5301","0.5301"
"32","0.8104","0.8104","0.8104"
"33","0.6718","0.6718","0.6718"
"34","0.6775","0.6775","0.6775"
"35","0.5873","0.5873","0.5873"
"36","0.8825","0.8825","0.8825"
"37","0.7136","0.7136","0.7136"
"38","0.7804","0.7804","0.7804"
"39","0.8161","0.8161","0.8161"
"40","0.6421","0.6421","0.6421"
"41","0.9187","0.9187","0.9187"
"42","0.6013","0.6013","0.6013"
"43","0.8173","0.8173","0.8173"
"44","0.6478","0.6478","0.6478"
"45","0.7498","0.7498","0.7498"
"46","0.738","0.738","0.738"
"47","0.5514","0.5514","0.5514"
"48","0.5564","0.5564","0.5564"
"49","0.6826","0.6826","0.6826"
"50","0.5568","0.5568","0.5568"
"51","0.8354","0.8354","0.8354"
"52","0.6911","0.6911","0.6911"
"53","0.7217","0.7217","0.7217"
"54","0.9118","0.9118","0.9118"
"55","0.7833","0.7833","0.7833"
"56","0.5108","0.5108","0.5108"
"57","0.5102","0.5102","0.5102"
"58","0.8265","0.8265","0.8265"
"59","0.6394","0.6394","0.6394"
"60","0.5752","0.5752","0.5752"
"61","0.8366","0.8366","0.8366"
"62","0.5658","0.5658","0.5658"
"63","0.624","0.624","0.624"
"64","0.8441","0.8441","0.8441"
"65","0.6232","0.6232","0.6232"
"66","0.6196","0.6196","0.6196"
"67","0.7643","0.7643","0.7643"
"68","0.8207","0.8207","0.8207"
"69","0.6477","0.6477","0.6477"
"70","0.6639","0.6639","0.6639"
"71","0.7176","0.7176","0.7176"
"72","0.6052","0.6052","0.6052"
"73","0.6532","0.6532","0.6532"
"74","0.8151","0.8151","0.8151"
"75","0.4905","0.4905","0.4905"
"76","0.5526","0.5526","0.5526"
"77","0.6218","0.6218","0.6218"
"78","0.4164","0.4164","0.4164"
"79","0.7672","0.7672","0.7672"
"80","0.8072","0.8072","0.8072"
"81","0.8756","0.8756","0.8756"
"82","0.869","0.869","0.869"
"83","0.6718","0.6718","0.6718"
"84","0.5522","0.5522","0.5522"
"85","0.7965","0.7965","0.7965"
"86","0.4907","0.4907","0.4907"
"87","0.7261","0.7261","0.7261"
"88","0.7019","0.7019","0.7019"
"89","0.6547","0.6547","0.6547"
"90","0.695","0.695","0.695"
"91","0.6438","0.6438","0.6438"
"92","0.6722","0.6722","0.6722"
"93","0.7346","0.7346","0.7346"
"94","0.4889","0.4889","0.4889"
"95","0.5359","0.5359","0.5359"
"96","0.7989","0.7989","0.7989"
"97","0.4817","0.4817","0.4817"
"98","0.6199","0.6199","0.6199"
"99","0.5326","0.5326","0.5326"
"100","0.5613","0.5613","0.5613"
"101","0.6993","0.6993","0.6993"
"102","0.4829","0.4829","0.4829"
"103","0.7111","0.7111","0.7111"
"104","0.9191","0.9191","0.9191"
"105","0.6185","0.6185","0.6185"
"106","0.4228","0.4228","0.4228"
"107","0.6384","0.6384","0.6384"
"108","0.6784","0.6784","0.6784"
"109","0.493","0.493","0.493"
"110","0.7867","0.7867","0.7867"
"111","0.6973","0.6973","0.6973"
"112","0.5654","0.5654","0.5654"
"113","0.6586","0.6586","0.6586"
"114","0.576","0.576","0.576"
"115","0.6525","0.6525","0.6525"
"116","0.7584","0.7584","0.7584"
"117","0.5858","0.5858","0.5858"
"118","0.6352","0.6352","0.6352"
"119","0.8171","0.8171","0.8171"
"120","0.6389","0.6389","0.6389"
"121","0.6932","0.6932","0.6932"
"122","0.6905","0.6905","0.6905"
"123","0.5306","0.5306","0.5306"
"124","0.5451","0.5451","0.5451"
"125","0.5451","0.5451","0.5451"
"126","0.6735","0.6735","0.6735"
"127","0.7412","0.7412","0.7412"
"128","0.6977","0.6977","0.6977"
"129","0.6148","0.6148","0.6148"
"130","0.584","0.584","0.584"
"131","0.6437","0.6437","0.6437"
"132","0.5485","0.5485","0.5485"
"133","0.7131","0.7131","0.7131"
"134","0.7404","0.7404","0.7404"
"135","0.5015","0.5015","0.5015"
"136","0.724","0.724","0.724"
"137","0.6194","0.6194","0.6194"
"138","0.3002","0.3002","0.3002"
"139","0.7789","0.7789","0.7789"
"140","0.6931","0.6931","0.6931"
"141","0.5755","0.5755","0.5755"
"142","0.7677","0.7677","0.7677"
"143","0.4767","0.4767","0.4767"
"144","0.7866","0.7866","0.7866"
"145","0.4609","0.4609","0.4609"
"146","0.6339","0.6339","0.6339"
"147","0.5545","0.5545","0.5545"
"148","0.8776","0.8776","0.8776"
"149","0.4965","0.4965","0.4965"
"150","0.5817","0.5817","0.5817"
"151","0.6038","0.6038","0.6038"
"152","0.6497","0.6497","0.6497"
"153","0.8016","0.8016","0.8016"
"154","0.5186","0.5186","0.5186"
"155","0.7278","0.7278","0.7278"
"156","0.4954","0.4954","0.4954"
"157","0.5853","0.5853","0.5853"
"158","0.6544","0.6544","0.6544"
"159","0.6474","0.6474","0.6474"
"160","0.4498","0.4498","0.4498"
"161","0.6702","0.6702","0.6702"
"162","0.968","0.968","0.968"
"163","0.5633","0.5633","0.5633"
"164","0.4977","0.4977","0.4977"
"165","0.6147","0.6147","0.6147"
"166","0.7607","0.7607","0.7607"
"167","0.6344","0.6344","0.6344"
"168","0.8242","0.8242","0.8242"
"169","0.4185","0.4185","0.4185"
"170","0.5574","0.5574","0.5574"
"171","0.8018","0.8018","0.8018"
"172","0.673","0.673","0.673"
"173","0.6052","0.6052","0.6052"
"174","0.7845","0.7845","0.7845"
"175","0.4882","0.4882","0.4882"
"176","0.6562","0.6562","0.6562"
"177","0.3747","0.3747","0.3747"
"178","0.595","0.595","0.595"
"179","0.5514","0.5514","0.5514"
"180","0.4789","0.4789","0.4789"
"181","0.6215","0.6215","0.6215"
"182","0.5161","0.5161","0.5161"
"183","0.7832","0.7832","0.7832"
"184","0.5518","0.5518","0.5518"
"185","0.6391","0.6391","0.6391"
"186","0.7924","0.7924","0.7924"
"187","0.5753","0.5753","0.5753"
"188","0.7222","0.7222","0.7222"
"189","0.5826","0.5826","0.5826"
"190","0.7729","0.7729","0.7729"
"191","0.7308","0.7308","0.7308"
"192","0.5827","0.5827","0.5827"
"193","0.6968","0.6968","0.6968"
"194","0.6627","0.6627","0.6627"
"195","0.8023","0.8023","0.8023"
"196","0.7777","0.7777","0.7777"
"197","0.6298","0.6298","0.6298"
"198","0.6483","0.6483","0.6483"
"199","0.6281","0.6281","0.6281"
"201","0.6931","0.6931","0.6931"
"202","0.6962","0.6962","0.6962"
"203","0.6838","0.6838","0.6838"
"204","0.7041","0.7041","0.7041"
"205","0.6902","0.6902","0.6902"
"206","0.6701","0.6701","0.6701"
"207","0.6559","0.6559","0.6559"
"208","0.6917","0.6917","0.6917"
"209","0.6986","0.6986","0.6986"
"210","0.686","0.686","0.686"
"211","0.6496","0.6496","0.6496"
"212","0.6584","0.6584","0.6584"
"213","0.6689","0.6689","0.6689"
"214","0.6487","0.6487","0.6487"
"215","0.6888","0.6888","0.6888"
"216","0.6863","0.6863","0.6863"
"217","0.7349","0.7349","0.7349"
"218","0.6467","0.6467","0.6467"
"219","0.6417","0.6417","0.6417"
"220","0.5987","0.5987","0.5987"
"221","0.5921","0.5921","0.5921"
"222","0.635","0.635","0.635"
"223","0.6717","0.6717","0.6717"
"224","0.6233","0.6233","0.6233"
"225","0.6685","0.6685","0.6685"
"226","0.5605","0.5605","0.5605"
"227","0.6258","0.6258","0.6258"
"228","0.5735","0.5735","0.5735"
"229","0.5889","0.5889","0.5889"
"230","0.634","0.634","0.634"
"231","0.725","0.725","0.725"
"232","0.5689","0.5689","0.5689"
"233","0.7362","0.7362","0.7362"
"234","0.6632","0.6632","0.6632"
"235","0.6452","0.6452","0.6452"
"236","0.589","0.589","0.589"
"237","0.854","0.854","0.854"
"238","0.6482","0.6482","0.6482"
"239","0.7004","0.7004","0.7004"
"240","0.7532","0.7532","0.7532"
"241","0.6422","0.6422","0.6422"
"242","0.8387","0.8387","0.8387"
"243","0.6369","0.6369","0.6369"
"244","0.7775","0.7775","0.7775"
"245","0.6492","0.6492","0.6492"
"246","0.6805","0.6805","0.6805"
"247","0.6359","0.6359","0.6359"
"248","0.6123","0.6123","0.6123"
"249","0.5608","0.5608","0.5608"
"250","0.6689","0.6689","0.6689"
"251","0.5859","0.5859","0.5859"
"252","0.7422","0.7422","0.7422"
"253","0.6567","0.6567","0.6567"
"254","0.6816","0.6816","0.6816"
"255","0.8068","0.8068","0.8068"
"256","0.7345","0.7345","0.7345"
"257","0.5069","0.5069","0.5069"
"258","0.567","0.567","0.567"
"259","0.7471","0.7471","0.7471"
"260","0.6196","0.6196","0.6196"
"261","0.5535","0.5535","0.5535"
"262","0.7686","0.7686","0.7686"
"263","0.5942","0.5942","0.5942"
"264","0.6039","0.6039","0.6039"
"265","0.7511","0.7511","0.7511"
"266","0.6324","0.6324","0.6324"
"267","0.5779","0.5779","0.5779"
"268","0.7207","0.7207","0.7207"
"269","0.7229","0.7229","0.7229"
"270","0.6197","0.6197","0.6197"
"271","0.6151","0.6151","0.6151"
"272","0.6973","0.6973","0.6973"
"273","0.5888","0.5888","0.5888"
"274","0.6437","0.6437","0.6437"
"275","0.7281","0.7281","0.7281"
"276","0.5427","0.5427","0.5427"
"277","0.6021","0.6021","0.6021"
"278","0.5909","0.5909","0.5909"
"279","0.4649","0.4649","0.4649"
"280","0.7157","0.7157","0.7157"
"281","0.7518","0.7518","0.7518"
"282","0.7734","0.7734","0.7734"
"283","0.8186","0.8186","0.8186"
"284","0.6604","0.6604","0.6604"
"285","0.5642","0.5642","0.5642"
"286","0.7345","0.7345","0.7345"
"287","0.5056","0.5056","0.5056"
"288","0.6826","0.6826","0.6826"
"289","0.6858","0.6858","0.6858"
"290","0.6651","0.6651","0.6651"
"291","0.6763","0.6763","0.6763"
"292","0.6368","0.6368","0.6368"
"293","0.6193","0.6193","0.6193"
"294","0.7116","0.7116","0.7116"
"295","0.5345","0.5345","0.5345"
"296","0.5331","0.5331","0.5331"
"297","0.7348","0.7348","0.7348"
"298","0.4923","0.4923","0.4923"
"299","0.6161","0.6161","0.6161"
"300","0.5649","0.5649","0.5649"
"301","0.5853","0.5853","0.5853"
"302","0.6831","0.6831","0.6831"
"303","0.5275","0.5275","0.5275"
"304","0.6715","0.6715","0.6715"
"305","0.8052","0.8052","0.8052"
"306","0.6113","0.6113","0.6113"
"307","0.4725","0.4725","0.4725"
"308","0.6365","0.6365","0.6365"
"309","0.637","0.637","0.637"
"310","0.5637","0.5637","0.5637"
"311","0.6571","0.6571","0.6571"
"312","0.6777","0.6777","0.6777"
"313","0.5461","0.5461","0.5461"
"314","0.6739","0.6739","0.6739"
"315","0.5819","0.5819","0.5819"
"316","0.6527","0.6527","0.6527"
"317","0.7338","0.7338","0.7338"
"318","0.5498","0.5498","0.5498"
"319","0.5738","0.5738","0.5738"
"320","0.7389","0.7389","0.7389"
"321","0.6284","0.6284","0.6284"
"322","0.6487","0.6487","0.6487"
"323","0.678","0.678","0.678"
"324","0.5081","0.5081","0.5081"
"325","0.582","0.582","0.582"
"326","0.5599","0.5599","0.5599"
"327","0.6602","0.6602","0.6602"
"328","0.7217","0.7217","0.7217"
"329","0.6784","0.6784","0.6784"
"330","0.5606","0.5606","0.5606"
"331","0.5681","0.5681","0.5681"
"332","0.6311","0.6311","0.6311"
"333","0.5239","0.5239","0.5239"
"334","0.63","0.63","0.63"
"335","0.7154","0.7154","0.7154"
"336","0.5127","0.5127","0.5127"
"337","0.703","0.703","0.703"
"338","0.5923","0.5923","0.5923"
"339","0.376","0.376","0.376"
"340","0.6851","0.6851","0.6851"
"341","0.7321","0.7321","0.7321"
"342","0.6024","0.6024","0.6024"
"343","0.6979","0.6979","0.6979"
"344","0.519","0.519","0.519"
"345","0.7409","0.7409","0.7409"
"346","0.479","0.479","0.479"
"347","0.6643","0.6643","0.6643"
"348","0.5418","0.5418","0.5418"
"349","0.8034","0.8034","0.8034"
"350","0.5262","0.5262","0.5262"
"351","0.5641","0.5641","0.5641"
"352","0.617","0.617","0.617"
"353","0.6177","0.6177","0.6177"
"354","0.7671","0.7671","0.7671"
"355","0.5238","0.5238","0.5238"
"356","0.662","0.662","0.662"
"357","0.5028","0.5028","0.5028"
"358","0.6274","0.6274","0.6274"
"359","0.6572","0.6572","0.6572"
"360","0.6384","0.6384","0.6384"
"361","0.4712","0.4712","0.4712"
"362","0.6872","0.6872","0.6872"
"363","0.8597","0.8597","0.8597"
"364","0.5693","0.5693","0.5693"
"365","0.5244","0.5244","0.5244"
"366","0.6113","0.6113","0.6113"
"367","0.7591","0.7591","0.7591"
"368","0.6243","0.6243","0.6243"
"369","0.7962","0.7962","0.7962"
"370","0.4171","0.4171","0.4171"
"371","0.5342","0.5342","0.5342"
"372","0.7101","0.7101","0.7101"
"373","0.6504","0.6504","0.6504"
"374","0.5827","0.5827","0.5827"
"375","0.6836","0.6836","0.6836"
"376","0.5017","0.5017","0.5017"
"377","0.6123","0.6123","0.6123"
"378","0.4156","0.4156","0.4156"
"379","0.6343","0.6343","0.6343"
"380","0.5909","0.5909","0.5909"
"381","0.5065","0.5065","0.5065"
"382","0.618","0.618","0.618"
"383","0.5325","0.5325","0.5325"
"384","0.7426","0.7426","0.7426"
"385","0.5527","0.5527","0.5527"
"386","0.5944","0.5944","0.5944"
"387","0.7173","0.7173","0.7173"
"388","0.5596","0.5596","0.5596"
"389","0.7338","0.7338","0.7338"
"390","0.5731","0.5731","0.5731"
"391","0.7269","0.7269","0.7269"
"392","0.679","0.679","0.679"
"393","0.6141","0.6141","0.6141"
"394","0.6158","0.6158","0.6158"
"395","0.6261","0.6261","0.6261"
"396","0.7073","0.7073","0.7073"
"397","0.7313","0.7313","0.7313"
"398","0.6171","0.6171","0.6171"
"399","0.6529","0.6529","0.6529"
"400","0.6055","0.6055","0.6055"
"402","0.6931","0.6931","0.6931"
"403","0.7552","0.7552","0.7552"
"404","0.8074","0.8074","0.8074"
"405","0.7921","0.7921","0.7921"
"406","0.8146","0.8146","0.8146"
"407","0.9384","0.9384","0.9384"
"408","0.7861","0.7861","0.7861"
"409","1.0387","1.0387","1.0387"
"410","1.229","1.229","1.229"
"411","1.4537","1.4537","1.4537"
"412","0.5997","0.5997","0.5997"
"413","0.9813","0.9813","0.9813"
"414","1.1044","1.1044","1.1044"
"415","0.5714","0.5714","0.5714"
"416","1.0284","1.0284","1.0284"
"417","2.0362","2.0362","2.0362"
"418","2.0197","2.0197","2.0197"
"419","1.4541","1.4541","1.4541"
"420","1.5255","1.5255","1.5255"
"421","0.6985","0.6985","0.6985"
"422","1.2639","1.2639","1.2639"
"423","1.416","1.416","1.416"
"424","1.2573","1.2573","1.2573"
"425","1.4618","1.4618","1.4618"
"426","1.1623","1.1623","1.1623"
"427","0.4597","0.4597","0.4597"
"428","1.3021","1.3021","1.3021"
"429","1.2172","1.2172","1.2172"
"430","1.7785","1.7785","1.7785"
"431","1.1992","1.1992","1.1992"
"432","1.9667","1.9667","1.9667"
"433","1.0008","1.0008","1.0008"
"434","2.2435","2.2435","2.2435"
"435","1.2958","1.2958","1.2958"
"436","1.3489","1.3489","1.3489"
"437","1.5262","1.5262","1.5262"
"438","1.1732","1.1732","1.1732"
"439","1.9811","1.9811","1.9811"
"440","2.9214","2.9214","2.9214"
"441","1.936","1.936","1.936"
"442","2.3172","2.3172","2.3172"
"443","3.5909","3.5909","3.5909"
"444","2.193","2.193","2.193"
"445","1.3192","1.3192","1.3192"
"446","2.1425","2.1425","2.1425"
"447","2.2246","2.2246","2.2246"
"448","1.9509","1.9509","1.9509"
"449","0.6758","0.6758","0.6758"
"450","2.0342","2.0342","2.0342"
"451","0.7102","0.7102","0.7102"
"452","1.0682","1.0682","1.0682"
"453","3.2361","3.2361","3.2361"
"454","1.9799","1.9799","1.9799"
"455","2.4548","2.4548","2.4548"
"456","3.5344","3.5344","3.5344"
"457","1.5867","1.5867","1.5867"
"458","1.2257","1.2257","1.2257"
"459","1.366","1.366","1.366"
"460","2.1846","2.1846","2.1846"
"461","1.6373","1.6373","1.6373"
"462","1.0695","1.0695","1.0695"
"463","1.9346","1.9346","1.9346"
"464","1.8234","1.8234","1.8234"
"465","2.2132","2.2132","2.2132"
"466","2.314","2.314","2.314"
"467","0.8979","0.8979","0.8979"
"468","1.493","1.493","1.493"
"469","3.8353","3.8353","3.8353"
"470","2.8508","2.8508","2.8508"
"471","2.714","2.714","2.714"
"472","2.3029","2.3029","2.3029"
"473","2.2067","2.2067","2.2067"
"474","1.3814","1.3814","1.3814"
"475","2.452","2.452","2.452"
"476","3.5049","3.5049","3.5049"
"477","0.7753","0.7753","0.7753"
"478","0.7202","0.7202","0.7202"
"479","2.6816","2.6816","2.6816"
"480","0.9877","0.9877","0.9877"
"481","2.0933","2.0933","2.0933"
"482","3.2813","3.2813","3.2813"
"483","3.1263","3.1263","3.1263"
"484","3.263","3.263","3.263"
"485","1.8249","1.8249","1.8249"
"486","2.8911","2.8911","2.8911"
"487","2.2375","2.2375","2.2375"
"488","1.008","1.008","1.008"
"489","2.7618","2.7618","2.7618"
"490","1.3645","1.3645","1.3645"
"491","1.8451","1.8451","1.8451"
"492","1.8886","1.8886","1.8886"
"493","2.7189","2.7189","2.7189"
"494","1.9116","1.9116","1.9116"
"495","1.8273","1.8273","1.8273"
"496","0.8968","0.8968","0.8968"
"497","1.2911","1.2911","1.2911"
"498","3.0318","3.0318","3.0318"
"499","1.8583","1.8583","1.8583"
"500","2.5848","2.5848","2.5848"
"501","1.1355","1.1355","1.1355"
"502","1.5221","1.5221","1.5221"
"503","2.8578","2.8578","2.8578"
"504","0.8089","0.8089","0.8089"
"505","2.0978","2.0978","2.0978"
"506","3.4593","3.4593","3.4593"
"507","1.4726","1.4726","1.4726"
"508","1.1738","1.1738","1.1738"
"509","1.6232","1.6232","1.6232"
"510","2.4777","2.4777","2.4777"
"511","1.5268","1.5268","1.5268"
"512","3.3588","3.3588","3.3588"
"513","2.3537","2.3537","2.3537"
"514","1.794","1.794","1.794"
"515","1.797","1.797","1.797"
"516","1.306","1.306","1.306"
"517","1.7982","1.7982","1.7982"
"518","1.1652","1.1652","1.1652"
"519","1.7754","1.7754","1.7754"
"520","2.5707","2.5707","2.5707"
"521","1.9908","1.9908","1.9908"
"522","1.6694","1.6694","1.6694"
"523","1.3207","1.3207","1.3207"
"524","1.9354","1.9354","1.9354"
"525","1.6265","1.6265","1.6265"
"526","0.6183","0.6183","0.6183"
"527","1.6337","1.6337","1.6337"
"528","1.561","1.561","1.561"
"529","1.7358","1.7358","1.7358"
"530","3.0649","3.0649","3.0649"
"531","1.5692","1.5692","1.5692"
"532","1.3806","1.3806","1.3806"
"533","1.5629","1.5629","1.5629"
"534","3.129","3.129","3.129"
"535","2.2706","2.2706","2.2706"
"536","2.8711","2.8711","2.8711"
"537","1.3113","1.3113","1.3113"
"538","3.47","3.47","3.47"
"539","2.162","2.162","2.162"
"540","0.1042","0.1042","0.1042"
"541","3.0111","3.0111","3.0111"
"542","1.2324","1.2324","1.2324"
"543","1.636","1.636","1.636"
"544","2.5449","2.5449","2.5449"
"545","0.8115","0.8115","0.8115"
"546","1.9242","1.9242","1.9242"
"547","1.9904","1.9904","1.9904"
"548","1.5468","1.5468","1.5468"
"549","1.3537","1.3537","1.3537"
"550","2.3516","2.3516","2.3516"
"551","0.7292","0.7292","0.7292"
"552","1.2841","1.2841","1.2841"
"553","0.6999","0.6999","0.6999"
"554","1.409","1.409","1.409"
"555","2.0736","2.0736","2.0736"
"556","1.7124","1.7124","1.7124"
"557","1.7527","1.7527","1.7527"
"558","1.845","1.845","1.845"
"559","1.1314","1.1314","1.1314"
"560","1.759","1.759","1.759"
"561","1.5419","1.5419","1.5419"
"562","1.1742","1.1742","1.1742"
"563","2.0573","2.0573","2.0573"
"564","2.3551","2.3551","2.3551"
"565","1.4787","1.4787","1.4787"
"566","1.3957","1.3957","1.3957"
"567","1.9438","1.9438","1.9438"
"568","1.9904","1.9904","1.9904"
"569","1.8865","1.8865","1.8865"
"570","1.7714","1.7714","1.7714"
"571","0.9486","0.9486","0.9486"
"572","1.2749","1.2749","1.2749"
"573","2.9931","2.9931","2.9931"
"574","2.4946","2.4946","2.4946"
"575","2.1383","2.1383","2.1383"
"576","2.7806","2.7806","2.7806"
"577","1.741","1.741","1.741"
"578","1.3368","1.3368","1.3368"
"579","0.5544","0.5544","0.5544"
"580","0.6069","0.6069","0.6069"
"581","0.9722","0.9722","0.9722"
"582","1.0547","1.0547","1.0547"
"583","1.1981","1.1981","1.1981"
"584","1.4108","1.4108","1.4108"
"585","2.5243","2.5243","2.5243"
"586","0.802","0.802","0.802"
"587","2.5653","2.5653","2.5653"
"588","2.7385","2.7385","2.7385"
"589","1.238","1.238","1.238"
"590","2.4272","2.4272","2.4272"
"591","1.288","1.288","1.288"
"592","2.5525","2.5525","2.5525"
"593","1.5656","1.5656","1.5656"
"594","0.5936","0.5936","0.5936"
"595","2.681","2.681","2.681"
"596","1.6257","1.6257","1.6257"
"597","2.7937","2.7937","2.7937"
"598","2.0526","2.0526","2.0526"
"599","2.0274","2.0274","2.0274"
"600","1.6957","1.6957","1.6957"
"601","0.6672","0.6672","0.6672"
"603","0.6931","0.6931","0.6931"
"604","0.6959","0.6959","0.6959"
"605","0.6887","0.6887","0.6887"
"606","0.6963","0.6963","0.6963"
"607","0.6857","0.6857","0.6857"
"608","0.6482","0.6482","0.6482"
"609","0.6321","0.6321","0.6321"
"610","0.7082","0.7082","0.7082"
"611","0.7054","0.7054","0.7054"
"612","0.699","0.699","0.699"
"613","0.602","0.602","0.602"
"614","0.6366","0.6366","0.6366"
"615","0.6702","0.6702","0.6702"
"616","0.6351","0.6351","0.6351"
"617","0.6843","0.6843","0.6843"
"618","0.7033","0.7033","0.7033"
"619","0.7755","0.7755","0.7755"
"620","0.6559","0.6559","0.6559"
"621","0.6496","0.6496","0.6496"
"622","0.5314","0.5314","0.5314"
"623","0.569","0.569","0.569"
"624","0.6392","0.6392","0.6392"
"625","0.6706","0.6706","0.6706"
"626","0.6124","0.6124","0.6124"
"627","0.6523","0.6523","0.6523"
"628","0.495","0.495","0.495"
"629","0.623","0.623","0.623"
"630","0.5432","0.5432","0.5432"
"631","0.5547","0.5547","0.5547"
"632","0.6278","0.6278","0.6278"
"633","0.7323","0.7323","0.7323"
"634","0.5368","0.5368","0.5368"
"635","0.8139","0.8139","0.8139"
"636","0.6596","0.6596","0.6596"
"637","0.6762","0.6762","0.6762"
"638","0.5688","0.5688","0.5688"
"639","0.885","0.885","0.885"
"640","0.707","0.707","0.707"
"641","0.7913","0.7913","0.7913"
"642","0.8063","0.8063","0.8063"
"643","0.6396","0.6396","0.6396"
"644","0.9226","0.9226","0.9226"
"645","0.5933","0.5933","0.5933"
"646","0.8186","0.8186","0.8186"
"647","0.648","0.648","0.648"
"648","0.7482","0.7482","0.7482"
"649","0.7294","0.7294","0.7294"
"650","0.567","0.567","0.567"
"651","0.535","0.535","0.535"
"652","0.6896","0.6896","0.6896"
"653","0.559","0.559","0.559"
"654","0.8428","0.8428","0.8428"
"655","0.68","0.68","0.68"
"656","0.7","0.7","0.7"
"657","0.9132","0.9132","0.9132"
"658","0.7805","0.7805","0.7805"
"659","0.5219","0.5219","0.5219"
"660","0.5325","0.5325","0.5325"
"661","0.8324","0.8324","0.8324"
"662","0.6229","0.6229","0.6229"
"663","0.5639","0.5639","0.5639"
"664","0.8214","0.8214","0.8214"
"665","0.5514","0.5514","0.5514"
"666","0.6008","0.6008","0.6008"
"667","0.8276","0.8276","0.8276"
"668","0.6259","0.6259","0.6259"
"669","0.5787","0.5787","0.5787"
"670","0.7783","0.7783","0.7783"
"671","0.8063","0.8063","0.8063"
"672","0.6554","0.6554","0.6554"
"673","0.6629","0.6629","0.6629"
"674","0.7746","0.7746","0.7746"
"675","0.6183","0.6183","0.6183"
"676","0.6362","0.6362","0.6362"
"677","0.8101","0.8101","0.8101"
"678","0.4905","0.4905","0.4905"
"679","0.5475","0.5475","0.5475"
"680","0.6095","0.6095","0.6095"
"681","0.4084","0.4084","0.4084"
"682","0.761","0.761","0.761"
"683","0.8125","0.8125","0.8125"
"684","0.8839","0.8839","0.8839"
"685","0.8617","0.8617","0.8617"
"686","0.6619","0.6619","0.6619"
"687","0.5552","0.5552","0.5552"
"688","0.7984","0.7984","0.7984"
"689","0.497","0.497","0.497"
"690","0.74","0.74","0.74"
"691","0.7039","0.7039","0.7039"
"692","0.6716","0.6716","0.6716"
"693","0.6995","0.6995","0.6995"
"694","0.6533","0.6533","0.6533"
"695","0.6642","0.6642","0.6642"
"696","0.742","0.742","0.742"
"697","0.4988","0.4988","0.4988"
"698","0.552","0.552","0.552"
"699","0.7885","0.7885","0.7885"
"700","0.4718","0.4718","0.4718"
"701","0.6317","0.6317","0.6317"
"702","0.5311","0.5311","0.5311"
"703","0.5501","0.5501","0.5501"
"704","0.7227","0.7227","0.7227"
"705","0.4916","0.4916","0.4916"
"706","0.7023","0.7023","0.7023"
"707","0.9119","0.9119","0.9119"
"708","0.6149","0.6149","0.6149"
"709","0.4381","0.4381","0.4381"
"710","0.667","0.667","0.667"
"711","0.6711","0.6711","0.6711"
"712","0.4919","0.4919","0.4919"
"713","0.8034","0.8034","0.8034"
"714","0.7217","0.7217","0.7217"
"715","0.5686","0.5686","0.5686"
"716","0.6499","0.6499","0.6499"
"717","0.5719","0.5719","0.5719"
"718","0.6596","0.6596","0.6596"
"719","0.7617","0.7617","0.7617"
"720","0.5886","0.5886","0.5886"
"721","0.6365","0.6365","0.6365"
"722","0.7888","0.7888","0.7888"
"723","0.6481","0.6481","0.6481"
"724","0.6851","0.6851","0.6851"
"725","0.6857","0.6857","0.6857"
"726","0.5303","0.5303","0.5303"
"727","0.5421","0.5421","0.5421"
"728","0.5409","0.5409","0.5409"
"729","0.6474","0.6474","0.6474"
"730","0.7413","0.7413","0.7413"
"731","0.7049","0.7049","0.7049"
"732","0.6001","0.6001","0.6001"
"733","0.5524","0.5524","0.5524"
"734","0.6411","0.6411","0.6411"
"735","0.5603","0.5603","0.5603"
"736","0.6932","0.6932","0.6932"
"737","0.7446","0.7446","0.7446"
"738","0.4944","0.4944","0.4944"
"739","0.7371","0.7371","0.7371"
"740","0.6207","0.6207","0.6207"
"741","0.3115","0.3115","0.3115"
"742","0.7562","0.7562","0.7562"
"743","0.7023","0.7023","0.7023"
"744","0.5846","0.5846","0.5846"
"745","0.7718","0.7718","0.7718"
"746","0.4563","0.4563","0.4563"
"747","0.7838","0.7838","0.7838"
"748","0.4636","0.4636","0.4636"
"749","0.6308","0.6308","0.6308"
"750","0.5218","0.5218","0.5218"
"751","0.8628","0.8628","0.8628"
"752","0.5187","0.5187","0.5187"
"753","0.5698","0.5698","0.5698"
"754","0.6112","0.6112","0.6112"
"755","0.6565","0.6565","0.6565"
"756","0.817","0.817","0.817"
"757","0.5242","0.5242","0.5242"
"758","0.7354","0.7354","0.7354"
"759","0.4895","0.4895","0.4895"
"760","0.5913","0.5913","0.5913"
"761","0.6547","0.6547","0.6547"
"762","0.6388","0.6388","0.6388"
"763","0.4686","0.4686","0.4686"
"764","0.6832","0.6832","0.6832"
"765","0.9313","0.9313","0.9313"
"766","0.5757","0.5757","0.5757"
"767","0.5213","0.5213","0.5213"
"768","0.6043","0.6043","0.6043"
"769","0.7579","0.7579","0.7579"
"770","0.631","0.631","0.631"
"771","0.8141","0.8141","0.8141"
"772","0.41","0.41","0.41"
"773","0.5439","0.5439","0.5439"
"774","0.7874","0.7874","0.7874"
"775","0.7023","0.7023","0.7023"
"776","0.6126","0.6126","0.6126"
"777","0.7822","0.7822","0.7822"
"778","0.4972","0.4972","0.4972"
"779","0.6519","0.6519","0.6519"
"780","0.3704","0.3704","0.3704"
"781","0.6106","0.6106","0.6106"
"782","0.5562","0.5562","0.5562"
"783","0.4898","0.4898","0.4898"
"784","0.6097","0.6097","0.6097"
"785","0.5129","0.5129","0.5129"
"786","0.8004","0.8004","0.8004"
"787","0.5273","0.5273","0.5273"
"788","0.6402","0.6402","0.6402"
"789","0.7731","0.7731","0.7731"
"790","0.5557","0.5557","0.5557"
"791","0.7255","0.7255","0.7255"
"792","0.5743","0.5743","0.5743"
"793","0.7992","0.7992","0.7992"
"794","0.7354","0.7354","0.7354"
"795","0.5839","0.5839","0.5839"
"796","0.7089","0.7089","0.7089"
"797","0.6653","0.6653","0.6653"
"798","0.789","0.789","0.789"
"799","0.7513","0.7513","0.7513"
"800","0.632","0.632","0.632"
"801","0.6411","0.6411","0.6411"
"802","0.6309","0.6309","0.6309"
"804","0.6931","0.6931","0.6931"
"805","3.7065","3.7065","3.7065"
"806","1.3988","1.3988","1.3988"
"807","2.3648","2.3648","2.3648"
"808","3.1767","3.1767","3.1767"
"809","2.3594","2.3594","2.3594"
"810","2.2235","2.2235","2.2235"
"811","4.6519","4.6519","4.6519"
"812","2.4776","2.4776","2.4776"
"813","4.7864","4.7864","4.7864"
"814","3.432","3.432","3.432"
"815","5.2719","5.2719","5.2719"
"816","3.4286","3.4286","3.4286"
"817","3.1013","3.1013","3.1013"
"818","2.1786","2.1786","2.1786"
"819","10.2527","10.2527","10.2527"
"820","10.0687","10.0687","10.0687"
"821","4.2819","4.2819","4.2819"
"822","4.1255","4.1255","4.1255"
"823","2.0735","2.0735","2.0735"
"824","7.3057","7.3057","7.3057"
"825","6.7731","6.7731","6.7731"
"826","4.7465","4.7465","4.7465"
"827","7.62","7.62","7.62"
"828","5.9166","5.9166","5.9166"
"829","1.4182","1.4182","1.4182"
"830","5.721","5.721","5.721"
"831","4.0623","4.0623","4.0623"
"832","7.15","7.15","7.15"
"833","4.3557","4.3557","4.3557"
"834","11.0933","11.0933","11.0933"
"835","2.2821","2.2821","2.2821"
"836","9.2356","9.2356","9.2356"
"837","5.9764","5.9764","5.9764"
"838","6.0827","6.0827","6.0827"
"839","5.0355","5.0355","5.0355"
"840","4.4656","4.4656","4.4656"
"841","6.7025","6.7025","6.7025"
"842","13.1083","13.1083","13.1083"
"843","8.3558","8.3558","8.3558"
"844","11.0898","11.0898","11.0898"
"845","19.7593","19.7593","19.7593"
"846","13.8773","13.8773","13.8773"
"847","8.1995","8.1995","8.1995"
"848","10.0671","10.0671","10.0671"
"849","7.8895","7.8895","7.8895"
"850","8.5827","8.5827","8.5827"
"851","2.4926","2.4926","2.4926"
"852","6.2844","6.2844","6.2844"
"853","4.4704","4.4704","4.4704"
"854","5.55","5.55","5.55"
"855","14.1917","14.1917","14.1917"
"856","8.1643","8.1643","8.1643"
"857","9.8465","9.8465","9.8465"
"858","15.2583","15.2583","15.2583"
"859","5.1512","5.1512","5.1512"
"860","6.755","6.755","6.755"
"861","7.3105","7.3105","7.3105"
"862","8.9552","8.9552","8.9552"
"863","7.5788","7.5788","7.5788"
"864","7.3646","7.3646","7.3646"
"865","9.9416","9.9416","9.9416"
"866","9.798","9.798","9.798"
"867","9.6664","9.6664","9.6664"
"868","8.4299","8.4299","8.4299"
"869","7.681","7.681","7.681"
"870","10.0229","10.0229","10.0229"
"871","13.9122","13.9122","13.9122"
"872","12.308","12.308","12.308"
"873","8.9728","8.9728","8.9728"
"874","9.5994","9.5994","9.5994"
"875","9.1958","9.1958","9.1958"
"876","3.779","3.779","3.779"
"877","13.5696","13.5696","13.5696"
"878","15.4016","15.4016","15.4016"
"879","1.3117","1.3117","1.3117"
"880","1.2014","1.2014","1.2014"
"881","15.3909","15.3909","15.3909"
"882","4.9786","4.9786","4.9786"
"883","16.1404","16.1404","16.1404"
"884","14.9708","14.9708","14.9708"
"885","12.9603","12.9603","12.9603"
"886","19.9011","19.9011","19.9011"
"887","8.4334","8.4334","8.4334"
"888","15.1463","15.1463","15.1463"
"889","13.5082","13.5082","13.5082"
"890","7.1279","7.1279","7.1279"
"891","14.4001","14.4001","14.4001"
"892","6.3967","6.3967","6.3967"
"893","9.2161","9.2161","9.2161"
"894","8.0365","8.0365","8.0365"
"895","13.0961","13.0961","13.0961"
"896","9.0519","9.0519","9.0519"
"897","7.0981","7.0981","7.0981"
"898","7.6395","7.6395","7.6395"
"899","8.8463","8.8463","8.8463"
"900","14.9606","14.9606","14.9606"
"901","6.1576","6.1576","6.1576"
"902","14.5382","14.5382","14.5382"
"903","5.073","5.073","5.073"
"904","4.3804","4.3804","4.3804"
"905","10.1656","10.1656","10.1656"
"906","4.3284","4.3284","4.3284"
"907","12.537","12.537","12.537"
"908","16.4921","16.4921","16.4921"
"909","8.0463","8.0463","8.0463"
"910","7.7279","7.7279","7.7279"
"911","13.6449","13.6449","13.6449"
"912","13.3166","13.3166","13.3166"
"913","6.9737","6.9737","6.9737"
"914","16.6927","16.6927","16.6927"
"915","11.8844","11.8844","11.8844"
"916","8.284","8.284","8.284"
"917","12.1297","12.1297","12.1297"
"918","6.8171","6.8171","6.8171"
"919","8.8562","8.8562","8.8562"
"920","9.8718","9.8718","9.8718"
"921","6.9665","6.9665","6.9665"
"922","16.5882","16.5882","16.5882"
"923","12.5574","12.5574","12.5574"
"924","10.2183","10.2183","10.2183"
"925","4.0829","4.0829","4.0829"
"926","8.2857","8.2857","8.2857"
"927","5.7351","5.7351","5.7351"
"928","3.3742","3.3742","3.3742"
"929","3.6191","3.6191","3.6191"
"930","6.1311","6.1311","6.1311"
"931","9.0246","9.0246","9.0246"
"932","16.6368","16.6368","16.6368"
"933","6.8122","6.8122","6.8122"
"934","5.4237","5.4237","5.4237"
"935","6.7985","6.7985","6.7985"
"936","11.2995","11.2995","11.2995"
"937","10.1524","10.1524","10.1524"
"938","13.8866","13.8866","13.8866"
"939","5.5797","5.5797","5.5797"
"940","16.9112","16.9112","16.9112"
"941","6.8986","6.8986","6.8986"
"942","2.0272","2.0272","2.0272"
"943","14.4444","14.4444","14.4444"
"944","5.6721","5.6721","5.6721"
"945","7.3113","7.3113","7.3113"
"946","8.6569","8.6569","8.6569"
"947","2.7009","2.7009","2.7009"
"948","6.1434","6.1434","6.1434"
"949","5.4917","5.4917","5.4917"
"950","9.7037","9.7037","9.7037"
"951","4.7743","4.7743","4.7743"
"952","12.9507","12.9507","12.9507"
"953","4.2203","4.2203","4.2203"
"954","3.5943","3.5943","3.5943"
"955","4.136","4.136","4.136"
"956","7.7988","7.7988","7.7988"
"957","7.994","7.994","7.994"
"958","10.2436","10.2436","10.2436"
"959","8.5085","8.5085","8.5085"
"960","8.0965","8.0965","8.0965"
"961","5.6554","5.6554","5.6554"
"962","8.9927","8.9927","8.9927"
"963","4.7284","4.7284","4.7284"
"964","1.8513","1.8513","1.8513"
"965","12.2692","12.2692","12.2692"
"966","10.7614","10.7614","10.7614"
"967","7.9408","7.9408","7.9408"
"968","4.1619","4.1619","4.1619"
"969","9.4497","9.4497","9.4497"
"970","10.4126","10.4126","10.4126"
"971","10.4251","10.4251","10.4251"
"972","7.8718","7.8718","7.8718"
"973","4.7106","4.7106","4.7106"
"974","5.2883","5.2883","5.2883"
"975","16.2176","16.2176","16.2176"
"976","9.6203","9.6203","9.6203"
"977","9.9138","9.9138","9.9138"
"978","11.2928","11.2928","11.2928"
"979","8.016","8.016","8.016"
"980","5.043","5.043","5.043"
"981","1.0028","1.0028","1.0028"
"982","0.3705","0.3705","0.3705"
"983","5.2984","5.2984","5.2984"
"984","3.5006","3.5006","3.5006"
"985","5.0128","5.0128","5.0128"
"986","3.9164","3.9164","3.9164"
"987","11.2248","11.2248","11.2248"
"988","4.5719","4.5719","4.5719"
"989","14.4571","14.4571","14.4571"
"990","13.7256","13.7256","13.7256"
"991","3.5403","3.5403","3.5403"
"992","12.068","12.068","12.068"
"993","6.9738","6.9738","6.9738"
"994","12.3967","12.3967","12.3967"
"995","6.8174","6.8174","6.8174"
"996","3.4741","3.4741","3.4741"
"997","8.1371","8.1371","8.1371"
"998","8.6475","8.6475","8.6475"
"999","12.4698","12.4698","12.4698"
"1000","13.9228","13.9228","13.9228"
"1001","9.3503","9.3503","9.3503"
"1002","8.9538","8.9538","8.9538"
"1003","4.3657","4.3657","4.3657"
"1005","0.6931","0.6931","0.6931"
"1006","0.8135","0.8135","0.8135"
"1007","0.7257","0.7257","0.7257"
"1008","0.7276","0.7276","0.7276"
"1009","0.7782","0.7782","0.7782"
"1010","0.6538","0.6538","0.6538"
"1011","0.6006","0.6006","0.6006"
"1012","36.2001","36.2001","36.2001"
"1013","5.6985","5.6985","5.6985"
"1014","3.3048","3.3048","3.3048"
"1015","1.336","1.336","1.336"
"1016","13.2979","13.2979","13.2979"
"1017","2.2317","2.2317","2.2317"
"1018","18.4757","18.4757","18.4757"
"1019","2.3211","2.3211","2.3211"
"1020","10.128","10.128","10.128"
"1021","1.3805","1.3805","1.3805"
"1022","1.957","1.957","1.957"
"1023","1.3316","1.3316","1.3316"
"1024","0.7093","0.7093","0.7093"
"1025","0.6453","0.6453","0.6453"
"1026","29.904","29.904","29.904"
"1027","0.6457","0.6457","0.6457"
"1028","0.6248","0.6248","0.6248"
"1029","3.6778","3.6778","3.6778"
"1030","0.8549","0.8549","0.8549"
"1031","0.7175","0.7175","0.7175"
"1032","0.6695","0.6695","0.6695"
"1033","0.4784","0.4784","0.4784"
"1034","0.7187","0.7187","0.7187"
"1035","9.5166","9.5166","9.5166"
"1036","1.6778","1.6778","1.6778"
"1037","1.6589","1.6589","1.6589"
"1038","1.5553","1.5553","1.5553"
"1039","2.2839","2.2839","2.2839"
"1040","9.2039","9.2039","9.2039"
"1041","0.5442","0.5442","0.5442"
"1042","2.4255","2.4255","2.4255"
"1043","13.8843","13.8843","13.8843"
"1044","8.846","8.846","8.846"
"1045","24904.2383","24904.2383","24904.2383"
"1046","0.8952","0.8952","0.8952"
"1047","224.1845","224.1845","224.1845"
"1048","1.7963","1.7963","1.7963"
"1049","1.499","1.499","1.499"
"1050","0.8829","0.8829","0.8829"
"1051","334.7232","334.7232","334.7232"
"1052","0.4883","0.4883","0.4883"
"1053","2.0044","2.0044","2.0044"
"1054","0.9505","0.9505","0.9505"
"1055","120.3901","120.3901","120.3901"
"1056","51.3922","51.3922","51.3922"
"1057","0.6361","0.6361","0.6361"
"1058","13.7177","13.7177","13.7177"
"1059","8565.3477","8565.3477","8565.3477"
"1060","0.6742","0.6742","0.6742"
"1061","0.7372","0.7372","0.7372"
"1062","1.292","1.292","1.292"
"1063","0.7315","0.7315","0.7315"
"1064","0.8495","0.8495","0.8495"
"1065","0.6032","0.6032","0.6032"
"1066","1.6869","1.6869","1.6869"
"1067","3.3331","3.3331","3.3331"
"1068","3968.7876","3968.7876","3968.7876"
"1069","0.6175","0.6175","0.6175"
"1070","1.2959","1.2959","1.2959"
"1071","0.8135","0.8135","0.8135"
"1072","7.4441","7.4441","7.4441"
"1073","6.6395","6.6395","6.6395"
"1074","1.5083","1.5083","1.5083"
"1075","1.0788","1.0788","1.0788"
"1076","1068.7891","1068.7891","1068.7891"
"1077","76340.875","76340.875","76340.875"
"1078","65.6877","65.6877","65.6877"
"1079","1.1345","1.1345","1.1345"
"1080","356.4258","356.4258","356.4258"
"1081","0.7041","0.7041","0.7041"
"1082","306.5018","306.5018","306.5018"
"1083","85.5619","85.5619","85.5619"
"1084","0.8179","0.8179","0.8179"
"1085","17666.2188","17666.2188","17666.2188"
"1086","349.0502","349.0502","349.0502"
"1087","1.4604","1.4604","1.4604"
"1088","0.6739","0.6739","0.6739"
"1089","23.9548","23.9548","23.9548"
"1090","0.6372","0.6372","0.6372"
"1091","0.6421","0.6421","0.6421"
"1092","94.9879","94.9879","94.9879"
"1093","0.4896","0.4896","0.4896"
"1094","96.5025","96.5025","96.5025"
"1095","0.5609","0.5609","0.5609"
"1096","0.711","0.711","0.711"
"1097","40.4138","40.4138","40.4138"
"1098","3.9705","3.9705","3.9705"
"1099","3.5702","3.5702","3.5702"
"1100","7.3922","7.3922","7.3922"
"1101","6.8336","6.8336","6.8336"
"1102","7.4426","7.4426","7.4426"
"1103","0.5834","0.5834","0.5834"
"1104","0.5697","0.5697","0.5697"
"1105","144.9053","144.9053","144.9053"
"1106","144.22","144.22","144.22"
"1107","2.2401","2.2401","2.2401"
"1108","13.0457","13.0457","13.0457"
"1109","3951956.5","3951956.5","3951956.5"
"1110","107.5331","107.5331","107.5331"
"1111","1.1588","1.1588","1.1588"
"1112","1145.5126","1145.5126","1145.5126"
"1113","0.7783","0.7783","0.7783"
"1114","0.5929","0.5929","0.5929"
"1115","17.5557","17.5557","17.5557"
"1116","0.6465","0.6465","0.6465"
"1117","91.772","91.772","91.772"
"1118","20.0214","20.0214","20.0214"
"1119","1.1954","1.1954","1.1954"
"1120","0.6279","0.6279","0.6279"
"1121","1.3258","1.3258","1.3258"
"1122","0.6711","0.6711","0.6711"
"1123","3.5367","3.5367","3.5367"
"1124","442.8901","442.8901","442.8901"
"1125","0.7299","0.7299","0.7299"
"1126","3.5142","3.5142","3.5142"
"1127","0.5965","0.5965","0.5965"
"1128","0.8875","0.8875","0.8875"
"1129","0.7266","0.7266","0.7266"
"1130","0.6137","0.6137","0.6137"
"1131","0.6797","0.6797","0.6797"
"1132","1.9044","1.9044","1.9044"
"1133","450.5722","450.5722","450.5722"
"1134","0.9057","0.9057","0.9057"
"1135","0.5577","0.5577","0.5577"
"1136","1.1014","1.1014","1.1014"
"1137","9.0811","9.0811","9.0811"
"1138","0.6929","0.6929","0.6929"
"1139","174.9774","174.9774","174.9774"
"1140","2.8538","2.8538","2.8538"
"1141","1.5513","1.5513","1.5513"
"1142","4.0337","4.0337","4.0337"
"1143","0.5514","0.5514","0.5514"
"1144","0.8638","0.8638","0.8638"
"1145","1.0357","1.0357","1.0357"
"1146","0.6217","0.6217","0.6217"
"1147","6.4299","6.4299","6.4299"
"1148","0.8196","0.8196","0.8196"
"1149","31.2643","31.2643","31.2643"
"1150","0.6273","0.6273","0.6273"
"1151","0.7492","0.7492","0.7492"
"1152","0.7142","0.7142","0.7142"
"1153","3.0528","3.0528","3.0528"
"1154","0.5437","0.5437","0.5437"
"1155","0.6563","0.6563","0.6563"
"1156","0.9627","0.9627","0.9627"
"1157","265.9211","265.9211","265.9211"
"1158","0.5642","0.5642","0.5642"
"1159","0.7346","0.7346","0.7346"
"1160","5.518","5.518","5.518"
"1161","1.0998","1.0998","1.0998"
"1162","27.2772","27.2772","27.2772"
"1163","5.3803","5.3803","5.3803"
"1164","1.2698","1.2698","1.2698"
"1165","0.7628","0.7628","0.7628"
"1166","1.386","1.386","1.386"
"1167","0.9544","0.9544","0.9544"
"1168","8.6911","8.6911","8.6911"
"1169","0.5809","0.5809","0.5809"
"1170","8.3521","8.3521","8.3521"
"1171","11370.5996","11370.5996","11370.5996"
"1172","0.5791","0.5791","0.5791"
"1173","88.7495","88.7495","88.7495"
"1174","245638.0312","245638.0312","245638.0312"
"1175","298.1731","298.1731","298.1731"
"1176","0.6858","0.6858","0.6858"
"1177","20.8892","20.8892","20.8892"
"1178","11.3298","11.3298","11.3298"
"1179","63.7799","63.7799","63.7799"
"1180","0.6681","0.6681","0.6681"
"1181","3.7944","3.7944","3.7944"
"1182","0.9466","0.9466","0.9466"
"1183","0.8549","0.8549","0.8549"
"1184","0.8333","0.8333","0.8333"
"1185","0.6305","0.6305","0.6305"
"1186","0.6018","0.6018","0.6018"
"1187","1.6159","1.6159","1.6159"
"1188","14.7348","14.7348","14.7348"
"1189","1.2094","1.2094","1.2094"
"1190","37.5989","37.5989","37.5989"
"1191","0.8256","0.8256","0.8256"
"1192","275.1295","275.1295","275.1295"
"1193","0.9856","0.9856","0.9856"
"1194","0.6627","0.6627","0.6627"
"1195","5.7995","5.7995","5.7995"
"1196","0.4729","0.4729","0.4729"
"1197","1.9741","1.9741","1.9741"
"1198","1.6582","1.6582","1.6582"
"1199","20.0072","20.0072","20.0072"
"1200","1.2857","1.2857","1.2857"
"1201","439.6641","439.6641","439.6641"
"1202","1.5014","1.5014","1.5014"
"1203","0.9556","0.9556","0.9556"
"1204","0.6777","0.6777","0.6777"
"1206","0.6931","0.6931","0.6931"
"1207","0.7006","0.7006","0.7006"
"1208","0.6797","0.6797","0.6797"
"1209","0.6994","0.6994","0.6994"
"1210","0.6901","0.6901","0.6901"
"1211","0.6555","0.6555","0.6555"
"1212","0.63","0.63","0.63"
"1213","0.6956","0.6956","0.6956"
"1214","0.7123","0.7123","0.7123"
"1215","0.7012","0.7012","0.7012"
"1216","0.6174","0.6174","0.6174"
"1217","0.6463","0.6463","0.6463"
"1218","0.6689","0.6689","0.6689"
"1219","0.612","0.612","0.612"
"1220","0.6834","0.6834","0.6834"
"1221","0.7157","0.7157","0.7157"
"1222","0.7911","0.7911","0.7911"
"1223","0.6572","0.6572","0.6572"
"1224","0.6555","0.6555","0.6555"
"1225","0.534","0.534","0.534"
"1226","0.5825","0.5825","0.5825"
"1227","0.6082","0.6082","0.6082"
"1228","0.6824","0.6824","0.6824"
"1229","0.611","0.611","0.611"
"1230","0.6577","0.6577","0.6577"
"1231","0.4964","0.4964","0.4964"
"1232","0.6017","0.6017","0.6017"
"1233","0.5425","0.5425","0.5425"
"1234","0.573","0.573","0.573"
"1235","0.6345","0.6345","0.6345"
"1236","0.7371","0.7371","0.7371"
"1237","0.5257","0.5257","0.5257"
"1238","0.8264","0.8264","0.8264"
"1239","0.6607","0.6607","0.6607"
"1240","0.6774","0.6774","0.6774"
"1241","0.5716","0.5716","0.5716"
"1242","0.8649","0.8649","0.8649"
"1243","0.7108","0.7108","0.7108"
"1244","0.809","0.809","0.809"
"1245","0.8141","0.8141","0.8141"
"1246","0.6406","0.6406","0.6406"
"1247","0.9554","0.9554","0.9554"
"1248","0.5938","0.5938","0.5938"
"1249","0.8258","0.8258","0.8258"
"1250","0.6694","0.6694","0.6694"
"1251","0.7424","0.7424","0.7424"
"1252","0.721","0.721","0.721"
"1253","0.5654","0.5654","0.5654"
"1254","0.543","0.543","0.543"
"1255","0.7009","0.7009","0.7009"
"1256","0.566","0.566","0.566"
"1257","0.8429","0.8429","0.8429"
"1258","0.6772","0.6772","0.6772"
"1259","0.7178","0.7178","0.7178"
"1260","0.876","0.876","0.876"
"1261","0.7814","0.7814","0.7814"
"1262","0.525","0.525","0.525"
"1263","0.5184","0.5184","0.5184"
"1264","0.8578","0.8578","0.8578"
"1265","0.6162","0.6162","0.6162"
"1266","0.5558","0.5558","0.5558"
"1267","0.8398","0.8398","0.8398"
"1268","0.5658","0.5658","0.5658"
"1269","0.6041","0.6041","0.6041"
"1270","0.8332","0.8332","0.8332"
"1271","0.6109","0.6109","0.6109"
"1272","0.6075","0.6075","0.6075"
"1273","0.7708","0.7708","0.7708"
"1274","0.809","0.809","0.809"
"1275","0.6634","0.6634","0.6634"
"1276","0.6688","0.6688","0.6688"
"1277","0.7647","0.7647","0.7647"
"1278","0.595","0.595","0.595"
"1279","0.6681","0.6681","0.6681"
"1280","0.8179","0.8179","0.8179"
"1281","0.4863","0.4863","0.4863"
"1282","0.5495","0.5495","0.5495"
"1283","0.6121","0.6121","0.6121"
"1284","0.4098","0.4098","0.4098"
"1285","0.7667","0.7667","0.7667"
"1286","0.8274","0.8274","0.8274"
"1287","0.8774","0.8774","0.8774"
"1288","0.856","0.856","0.856"
"1289","0.6476","0.6476","0.6476"
"1290","0.5707","0.5707","0.5707"
"1291","0.7978","0.7978","0.7978"
"1292","0.4921","0.4921","0.4921"
"1293","0.7333","0.7333","0.7333"
"1294","0.6887","0.6887","0.6887"
"1295","0.6735","0.6735","0.6735"
"1296","0.685","0.685","0.685"
"1297","0.6714","0.6714","0.6714"
"1298","0.6695","0.6695","0.6695"
"1299","0.7714","0.7714","0.7714"
"1300","0.4966","0.4966","0.4966"
"1301","0.5463","0.5463","0.5463"
"1302","0.8113","0.8113","0.8113"
"1303","0.4762","0.4762","0.4762"
"1304","0.6126","0.6126","0.6126"
"1305","0.5305","0.5305","0.5305"
"1306","0.5576","0.5576","0.5576"
"1307","0.7121","0.7121","0.7121"
"1308","0.473","0.473","0.473"
"1309","0.7042","0.7042","0.7042"
"1310","0.8997","0.8997","0.8997"
"1311","0.6533","0.6533","0.6533"
"1312","0.4338","0.4338","0.4338"
"1313","0.6521","0.6521","0.6521"
"1314","0.6638","0.6638","0.6638"
"1315","0.4885","0.4885","0.4885"
"1316","0.7698","0.7698","0.7698"
"1317","0.7064","0.7064","0.7064"
"1318","0.5709","0.5709","0.5709"
"1319","0.6289","0.6289","0.6289"
"1320","0.5683","0.5683","0.5683"
"1321","0.6512","0.6512","0.6512"
"1322","0.7615","0.7615","0.7615"
"1323","0.5702","0.5702","0.5702"
"1324","0.6563","0.6563","0.6563"
"1325","0.7805","0.7805","0.7805"
"1326","0.6334","0.6334","0.6334"
"1327","0.6859","0.6859","0.6859"
"1328","0.6915","0.6915","0.6915"
"1329","0.5474","0.5474","0.5474"
"1330","0.5258","0.5258","0.5258"
"1331","0.5498","0.5498","0.5498"
"1332","0.6654","0.6654","0.6654"
"1333","0.7513","0.7513","0.7513"
"1334","0.7185","0.7185","0.7185"
"1335","0.6161","0.6161","0.6161"
"1336","0.5818","0.5818","0.5818"
"1337","0.6449","0.6449","0.6449"
"1338","0.5542","0.5542","0.5542"
"1339","0.6979","0.6979","0.6979"
"1340","0.7298","0.7298","0.7298"
"1341","0.4939","0.4939","0.4939"
"1342","0.725","0.725","0.725"
"1343","0.6181","0.6181","0.6181"
"1344","0.3014","0.3014","0.3014"
"1345","0.7476","0.7476","0.7476"
"1346","0.6943","0.6943","0.6943"
"1347","0.6012","0.6012","0.6012"
"1348","0.7496","0.7496","0.7496"
"1349","0.4595","0.4595","0.4595"
"1350","0.7944","0.7944","0.7944"
"1351","0.4628","0.4628","0.4628"
"1352","0.6311","0.6311","0.6311"
"1353","0.514","0.514","0.514"
"1354","0.8786","0.8786","0.8786"
"1355","0.5186","0.5186","0.5186"
"1356","0.5751","0.5751","0.5751"
"1357","0.6058","0.6058","0.6058"
"1358","0.6584","0.6584","0.6584"
"1359","0.7938","0.7938","0.7938"
"1360","0.5292","0.5292","0.5292"
"1361","0.7297","0.7297","0.7297"
"1362","0.4868","0.4868","0.4868"
"1363","0.5887","0.5887","0.5887"
"1364","0.6724","0.6724","0.6724"
"1365","0.6453","0.6453","0.6453"
"1366","0.4592","0.4592","0.4592"
"1367","0.692","0.692","0.692"
"1368","0.9523","0.9523","0.9523"
"1369","0.5804","0.5804","0.5804"
"1370","0.5255","0.5255","0.5255"
"1371","0.6042","0.6042","0.6042"
"1372","0.7544","0.7544","0.7544"
"1373","0.6373","0.6373","0.6373"
"1374","0.814","0.814","0.814"
"1375","0.4049","0.4049","0.4049"
"1376","0.5556","0.5556","0.5556"
"1377","0.7882","0.7882","0.7882"
"1378","0.6907","0.6907","0.6907"
"1379","0.6237","0.6237","0.6237"
"1380","0.7714","0.7714","0.7714"
"1381","0.4907","0.4907","0.4907"
"1382","0.6406","0.6406","0.6406"
"1383","0.3799","0.3799","0.3799"
"1384","0.6102","0.6102","0.6102"
"1385","0.5648","0.5648","0.5648"
"1386","0.4759","0.4759","0.4759"
"1387","0.6019","0.6019","0.6019"
"1388","0.5099","0.5099","0.5099"
"1389","0.7809","0.7809","0.7809"
"1390","0.5411","0.5411","0.5411"
"1391","0.6469","0.6469","0.6469"
"1392","0.7892","0.7892","0.7892"
"1393","0.5739","0.5739","0.5739"
"1394","0.7406","0.7406","0.7406"
"1395","0.5722","0.5722","0.5722"
"1396","0.7881","0.7881","0.7881"
"1397","0.7306","0.7306","0.7306"
"1398","0.5842","0.5842","0.5842"
"1399","0.7028","0.7028","0.7028"
"1400","0.6614","0.6614","0.6614"
"1401","0.811","0.811","0.811"
"1402","0.7659","0.7659","0.7659"
"1403","0.6355","0.6355","0.6355"
"1404","0.6493","0.6493","0.6493"
"1405","0.6293","0.6293","0.6293"