"Step","train/rewards/rejected","./SMOL_DPO_ALPHA_DIVERGENCE - train/rewards/rejected__MIN","./SMOL_DPO_ALPHA_DIVERGENCE - train/rewards/rejected__MAX"
"0","0","0","0"
"1","-0.007137631997466087","-0.007137631997466087","-0.007137631997466087"
"2","-0.03456888347864151","-0.03456888347864151","-0.03456888347864151"
"3","-0.05048637464642525","-0.05048637464642525","-0.05048637464642525"
"4","-0.11435912549495697","-0.11435912549495697","-0.11435912549495697"
"5","-0.14335469901561737","-0.14335469901561737","-0.14335469901561737"
"6","-0.15284094214439392","-0.15284094214439392","-0.15284094214439392"
"7","-0.14202815294265747","-0.14202815294265747","-0.14202815294265747"
"8","-0.1793965846300125","-0.1793965846300125","-0.1793965846300125"
"9","-0.28286370635032654","-0.28286370635032654","-0.28286370635032654"
"10","-0.42476165294647217","-0.42476165294647217","-0.42476165294647217"
"11","-0.3593856692314148","-0.3593856692314148","-0.3593856692314148"
"12","-0.35876479744911194","-0.35876479744911194","-0.35876479744911194"
"13","-0.43878066539764404","-0.43878066539764404","-0.43878066539764404"
"14","-0.4387838840484619","-0.4387838840484619","-0.4387838840484619"
"15","-0.5778253078460693","-0.5778253078460693","-0.5778253078460693"
"16","-0.44447213411331177","-0.44447213411331177","-0.44447213411331177"
"17","-0.9449957609176636","-0.9449957609176636","-0.9449957609176636"
"18","-0.9432840943336487","-0.9432840943336487","-0.9432840943336487"
"19","-0.9603577256202698","-0.9603577256202698","-0.9603577256202698"
"20","-1.0417321920394897","-1.0417321920394897","-1.0417321920394897"
"21","-0.9950494766235352","-0.9950494766235352","-0.9950494766235352"
"22","-0.8489034175872803","-0.8489034175872803","-0.8489034175872803"
"23","-1.0792255401611328","-1.0792255401611328","-1.0792255401611328"
"24","-1.0485947132110596","-1.0485947132110596","-1.0485947132110596"
"25","-1.0240355730056763","-1.0240355730056763","-1.0240355730056763"
"26","-1.1172847747802734","-1.1172847747802734","-1.1172847747802734"
"27","-1.3924691677093506","-1.3924691677093506","-1.3924691677093506"
"28","-1.5217595100402832","-1.5217595100402832","-1.5217595100402832"
"29","-1.1582329273223877","-1.1582329273223877","-1.1582329273223877"
"30","-1.4728813171386719","-1.4728813171386719","-1.4728813171386719"
"31","-1.0938653945922852","-1.0938653945922852","-1.0938653945922852"
"32","-1.3684684038162231","-1.3684684038162231","-1.3684684038162231"
"33","-1.6289420127868652","-1.6289420127868652","-1.6289420127868652"
"34","-1.5127909183502197","-1.5127909183502197","-1.5127909183502197"
"35","-1.8830002546310425","-1.8830002546310425","-1.8830002546310425"
"36","-1.3611396551132202","-1.3611396551132202","-1.3611396551132202"
"37","-1.602839469909668","-1.602839469909668","-1.602839469909668"
"38","-1.365352988243103","-1.365352988243103","-1.365352988243103"
"39","-1.463097095489502","-1.463097095489502","-1.463097095489502"
"40","-1.6371930837631226","-1.6371930837631226","-1.6371930837631226"
"41","-1.4711790084838867","-1.4711790084838867","-1.4711790084838867"
"42","-1.9693268537521362","-1.9693268537521362","-1.9693268537521362"
"43","-1.1857796907424927","-1.1857796907424927","-1.1857796907424927"
"44","-1.6477484703063965","-1.6477484703063965","-1.6477484703063965"
"45","-1.172847867012024","-1.172847867012024","-1.172847867012024"
"46","-2.0117475986480713","-2.0117475986480713","-2.0117475986480713"
"47","-1.355618953704834","-1.355618953704834","-1.355618953704834"
"48","-2.0232291221618652","-2.0232291221618652","-2.0232291221618652"
"49","-1.2692099809646606","-1.2692099809646606","-1.2692099809646606"
"50","-1.4737367630004883","-1.4737367630004883","-1.4737367630004883"
"51","-1.1003050804138184","-1.1003050804138184","-1.1003050804138184"
"52","-1.2925035953521729","-1.2925035953521729","-1.2925035953521729"
"53","-1.4024752378463745","-1.4024752378463745","-1.4024752378463745"
"54","-1.1817710399627686","-1.1817710399627686","-1.1817710399627686"
"55","-1.122269630432129","-1.122269630432129","-1.122269630432129"
"56","-1.3218936920166016","-1.3218936920166016","-1.3218936920166016"
"57","-1.3191323280334473","-1.3191323280334473","-1.3191323280334473"
"58","-1.1964443922042847","-1.1964443922042847","-1.1964443922042847"
"59","-1.3818659782409668","-1.3818659782409668","-1.3818659782409668"
"60","-1.1632051467895508","-1.1632051467895508","-1.1632051467895508"
"61","-0.956486701965332","-0.956486701965332","-0.956486701965332"
"62","-1.8733348846435547","-1.8733348846435547","-1.8733348846435547"
"63","-1.3018512725830078","-1.3018512725830078","-1.3018512725830078"
"64","-0.8237370252609253","-0.8237370252609253","-0.8237370252609253"
"65","-1.2731127738952637","-1.2731127738952637","-1.2731127738952637"
"66","-1.3286551237106323","-1.3286551237106323","-1.3286551237106323"
"67","-1.251059651374817","-1.251059651374817","-1.251059651374817"
"68","-1.419791579246521","-1.419791579246521","-1.419791579246521"
"69","-1.6110074520111084","-1.6110074520111084","-1.6110074520111084"
"70","-1.2009035348892212","-1.2009035348892212","-1.2009035348892212"
"71","-1.1914715766906738","-1.1914715766906738","-1.1914715766906738"
"72","-1.762830138206482","-1.762830138206482","-1.762830138206482"
"73","-1.4638410806655884","-1.4638410806655884","-1.4638410806655884"
"74","-0.7186093330383301","-0.7186093330383301","-0.7186093330383301"
"75","-1.5239062309265137","-1.5239062309265137","-1.5239062309265137"
"76","-1.27927565574646","-1.27927565574646","-1.27927565574646"
"77","-1.5123674869537354","-1.5123674869537354","-1.5123674869537354"
"78","-1.777978539466858","-1.777978539466858","-1.777978539466858"
"79","-1.5606462955474854","-1.5606462955474854","-1.5606462955474854"
"80","-1.449434518814087","-1.449434518814087","-1.449434518814087"
"81","-1.230452060699463","-1.230452060699463","-1.230452060699463"
"82","-1.4621233940124512","-1.4621233940124512","-1.4621233940124512"
"83","-1.3791831731796265","-1.3791831731796265","-1.3791831731796265"
"84","-1.4295680522918701","-1.4295680522918701","-1.4295680522918701"
"85","-1.3696722984313965","-1.3696722984313965","-1.3696722984313965"
"86","-2.1230461597442627","-2.1230461597442627","-2.1230461597442627"
"87","-1.192136526107788","-1.192136526107788","-1.192136526107788"
"88","-1.6609586477279663","-1.6609586477279663","-1.6609586477279663"
"89","-1.7453762292861938","-1.7453762292861938","-1.7453762292861938"
"90","-1.2479455471038818","-1.2479455471038818","-1.2479455471038818"
"91","-1.5487639904022217","-1.5487639904022217","-1.5487639904022217"
"92","-1.214489459991455","-1.214489459991455","-1.214489459991455"
"93","-1.1398169994354248","-1.1398169994354248","-1.1398169994354248"
"94","-1.5402162075042725","-1.5402162075042725","-1.5402162075042725"
"95","-1.8406709432601929","-1.8406709432601929","-1.8406709432601929"
"96","-1.0678863525390625","-1.0678863525390625","-1.0678863525390625"
"97","-1.5241830348968506","-1.5241830348968506","-1.5241830348968506"
"98","-1.4857139587402344","-1.4857139587402344","-1.4857139587402344"
"99","-1.4296061992645264","-1.4296061992645264","-1.4296061992645264"
"100","-1.553441047668457","-1.553441047668457","-1.553441047668457"
"101","-1.6574821472167969","-1.6574821472167969","-1.6574821472167969"
"102","-1.4395473003387451","-1.4395473003387451","-1.4395473003387451"
"103","-0.9995772838592529","-0.9995772838592529","-0.9995772838592529"
"104","-1.2321367263793945","-1.2321367263793945","-1.2321367263793945"
"105","-1.4187536239624023","-1.4187536239624023","-1.4187536239624023"
"106","-1.8376435041427612","-1.8376435041427612","-1.8376435041427612"
"107","-1.66087806224823","-1.66087806224823","-1.66087806224823"
"108","-1.4148201942443848","-1.4148201942443848","-1.4148201942443848"
"109","-1.575439691543579","-1.575439691543579","-1.575439691543579"
"110","-1.0687345266342163","-1.0687345266342163","-1.0687345266342163"
"111","-1.2462668418884277","-1.2462668418884277","-1.2462668418884277"
"112","-1.5530654191970825","-1.5530654191970825","-1.5530654191970825"
"113","-1.6247154474258423","-1.6247154474258423","-1.6247154474258423"
"114","-1.538330316543579","-1.538330316543579","-1.538330316543579"
"115","-1.3596112728118896","-1.3596112728118896","-1.3596112728118896"
"116","-1.0833741426467896","-1.0833741426467896","-1.0833741426467896"
"117","-1.6100997924804688","-1.6100997924804688","-1.6100997924804688"
"118","-1.4844443798065186","-1.4844443798065186","-1.4844443798065186"
"119","-1.1914572715759277","-1.1914572715759277","-1.1914572715759277"
"120","-1.083420753479004","-1.083420753479004","-1.083420753479004"
"121","-1.2416472434997559","-1.2416472434997559","-1.2416472434997559"
"122","-1.0438659191131592","-1.0438659191131592","-1.0438659191131592"
"123","-1.4156290292739868","-1.4156290292739868","-1.4156290292739868"
"124","-1.4823193550109863","-1.4823193550109863","-1.4823193550109863"
"125","-1.4244751930236816","-1.4244751930236816","-1.4244751930236816"
"126","-1.7423923015594482","-1.7423923015594482","-1.7423923015594482"
"127","-1.2529592514038086","-1.2529592514038086","-1.2529592514038086"
"128","-1.176616907119751","-1.176616907119751","-1.176616907119751"
"129","-0.9608896970748901","-0.9608896970748901","-0.9608896970748901"
"130","-1.3760085105895996","-1.3760085105895996","-1.3760085105895996"
"131","-1.023302435874939","-1.023302435874939","-1.023302435874939"
"132","-1.4979714155197144","-1.4979714155197144","-1.4979714155197144"
"133","-1.4878201484680176","-1.4878201484680176","-1.4878201484680176"
"134","-1.2623052597045898","-1.2623052597045898","-1.2623052597045898"
"135","-1.2483018636703491","-1.2483018636703491","-1.2483018636703491"
"136","-1.2222411632537842","-1.2222411632537842","-1.2222411632537842"
"137","-1.3363244533538818","-1.3363244533538818","-1.3363244533538818"
"138","-1.9312255382537842","-1.9312255382537842","-1.9312255382537842"
"139","-1.326716661453247","-1.326716661453247","-1.326716661453247"
"140","-1.2769891023635864","-1.2769891023635864","-1.2769891023635864"
"141","-1.5817551612854004","-1.5817551612854004","-1.5817551612854004"
"142","-1.1272960901260376","-1.1272960901260376","-1.1272960901260376"
"143","-1.4230999946594238","-1.4230999946594238","-1.4230999946594238"
"144","-1.1781679391860962","-1.1781679391860962","-1.1781679391860962"
"145","-1.6291195154190063","-1.6291195154190063","-1.6291195154190063"
"146","-1.2481842041015625","-1.2481842041015625","-1.2481842041015625"
"147","-1.4251459836959839","-1.4251459836959839","-1.4251459836959839"
"148","-1.4244498014450073","-1.4244498014450073","-1.4244498014450073"
"149","-1.5939388275146484","-1.5939388275146484","-1.5939388275146484"
"150","-1.5613943338394165","-1.5613943338394165","-1.5613943338394165"
"151","-1.3374391794204712","-1.3374391794204712","-1.3374391794204712"
"152","-1.0704336166381836","-1.0704336166381836","-1.0704336166381836"
"153","-1.0408165454864502","-1.0408165454864502","-1.0408165454864502"
"154","-1.446781873703003","-1.446781873703003","-1.446781873703003"
"155","-1.3555148839950562","-1.3555148839950562","-1.3555148839950562"
"156","-1.6511600017547607","-1.6511600017547607","-1.6511600017547607"
"157","-1.3922805786132812","-1.3922805786132812","-1.3922805786132812"
"158","-1.3447372913360596","-1.3447372913360596","-1.3447372913360596"
"159","-1.1754463911056519","-1.1754463911056519","-1.1754463911056519"
"160","-1.619904637336731","-1.619904637336731","-1.619904637336731"
"161","-1.3073465824127197","-1.3073465824127197","-1.3073465824127197"
"162","-1.4292023181915283","-1.4292023181915283","-1.4292023181915283"
"163","-1.6527959108352661","-1.6527959108352661","-1.6527959108352661"
"164","-1.2534854412078857","-1.2534854412078857","-1.2534854412078857"
"165","-1.545804738998413","-1.545804738998413","-1.545804738998413"
"166","-1.4981880187988281","-1.4981880187988281","-1.4981880187988281"
"167","-1.076545238494873","-1.076545238494873","-1.076545238494873"
"168","-1.3040530681610107","-1.3040530681610107","-1.3040530681610107"
"169","-2.1168978214263916","-2.1168978214263916","-2.1168978214263916"
"170","-1.442896842956543","-1.442896842956543","-1.442896842956543"
"171","-1.1297154426574707","-1.1297154426574707","-1.1297154426574707"
"172","-1.489008903503418","-1.489008903503418","-1.489008903503418"
"173","-1.4350104331970215","-1.4350104331970215","-1.4350104331970215"
"174","-1.5852887630462646","-1.5852887630462646","-1.5852887630462646"
"175","-1.4200996160507202","-1.4200996160507202","-1.4200996160507202"
"176","-1.4985995292663574","-1.4985995292663574","-1.4985995292663574"
"177","-1.9454776048660278","-1.9454776048660278","-1.9454776048660278"
"178","-1.1430808305740356","-1.1430808305740356","-1.1430808305740356"
"179","-1.5268975496292114","-1.5268975496292114","-1.5268975496292114"
"180","-1.769874930381775","-1.769874930381775","-1.769874930381775"
"181","-1.4810268878936768","-1.4810268878936768","-1.4810268878936768"
"182","-1.6144630908966064","-1.6144630908966064","-1.6144630908966064"
"183","-1.5619240999221802","-1.5619240999221802","-1.5619240999221802"
"184","-1.5399280786514282","-1.5399280786514282","-1.5399280786514282"
"185","-1.7081502676010132","-1.7081502676010132","-1.7081502676010132"
"186","-1.2468650341033936","-1.2468650341033936","-1.2468650341033936"
"187","-1.3408851623535156","-1.3408851623535156","-1.3408851623535156"
"188","-1.2093316316604614","-1.2093316316604614","-1.2093316316604614"
"189","-1.2809468507766724","-1.2809468507766724","-1.2809468507766724"
"190","-1.2635738849639893","-1.2635738849639893","-1.2635738849639893"
"191","-1.3216967582702637","-1.3216967582702637","-1.3216967582702637"
"192","-1.375003457069397","-1.375003457069397","-1.375003457069397"
"193","-1.6495814323425293","-1.6495814323425293","-1.6495814323425293"
"194","-1.362072467803955","-1.362072467803955","-1.362072467803955"
"195","-1.5447417497634888","-1.5447417497634888","-1.5447417497634888"
"196","-1.640554666519165","-1.640554666519165","-1.640554666519165"
"197","-1.2695629596710205","-1.2695629596710205","-1.2695629596710205"
"198","-1.3438820838928223","-1.3438820838928223","-1.3438820838928223"
"199","-1.281115174293518","-1.281115174293518","-1.281115174293518"
"201","0","0","0"
"202","0.0001437002792954445","0.0001437002792954445","0.0001437002792954445"
"203","-0.005865263752639294","-0.005865263752639294","-0.005865263752639294"
"204","-0.019725512713193893","-0.019725512713193893","-0.019725512713193893"
"205","-0.060257688164711","-0.060257688164711","-0.060257688164711"
"206","-0.07047814875841141","-0.07047814875841141","-0.07047814875841141"
"207","-0.08048734068870544","-0.08048734068870544","-0.08048734068870544"
"208","-0.07127302885055542","-0.07127302885055542","-0.07127302885055542"
"209","-0.07714976370334625","-0.07714976370334625","-0.07714976370334625"
"210","-0.15788015723228455","-0.15788015723228455","-0.15788015723228455"
"211","-0.21740369498729706","-0.21740369498729706","-0.21740369498729706"
"212","-0.18371134996414185","-0.18371134996414185","-0.18371134996414185"
"213","-0.1942763775587082","-0.1942763775587082","-0.1942763775587082"
"214","-0.24038177728652954","-0.24038177728652954","-0.24038177728652954"
"215","-0.21954569220542908","-0.21954569220542908","-0.21954569220542908"
"216","-0.3213065266609192","-0.3213065266609192","-0.3213065266609192"
"217","-0.23768875002861023","-0.23768875002861023","-0.23768875002861023"
"218","-0.5107983946800232","-0.5107983946800232","-0.5107983946800232"
"219","-0.5203884840011597","-0.5203884840011597","-0.5203884840011597"
"220","-0.5168958902359009","-0.5168958902359009","-0.5168958902359009"
"221","-0.6081344485282898","-0.6081344485282898","-0.6081344485282898"
"222","-0.5533207654953003","-0.5533207654953003","-0.5533207654953003"
"223","-0.46980050206184387","-0.46980050206184387","-0.46980050206184387"
"224","-0.5963862538337708","-0.5963862538337708","-0.5963862538337708"
"225","-0.5916392803192139","-0.5916392803192139","-0.5916392803192139"
"226","-0.6168839335441589","-0.6168839335441589","-0.6168839335441589"
"227","-0.6826431751251221","-0.6826431751251221","-0.6826431751251221"
"228","-0.8391209840774536","-0.8391209840774536","-0.8391209840774536"
"229","-0.9551609754562378","-0.9551609754562378","-0.9551609754562378"
"230","-0.7077789902687073","-0.7077789902687073","-0.7077789902687073"
"231","-0.9406812787055969","-0.9406812787055969","-0.9406812787055969"
"232","-0.6953176856040955","-0.6953176856040955","-0.6953176856040955"
"233","-0.8402000665664673","-0.8402000665664673","-0.8402000665664673"
"234","-1.0436142683029175","-1.0436142683029175","-1.0436142683029175"
"235","-1.0028514862060547","-1.0028514862060547","-1.0028514862060547"
"236","-1.3026714324951172","-1.3026714324951172","-1.3026714324951172"
"237","-0.8751422166824341","-0.8751422166824341","-0.8751422166824341"
"238","-1.1080784797668457","-1.1080784797668457","-1.1080784797668457"
"239","-0.9253144264221191","-0.9253144264221191","-0.9253144264221191"
"240","-1.0665698051452637","-1.0665698051452637","-1.0665698051452637"
"241","-1.1294500827789307","-1.1294500827789307","-1.1294500827789307"
"242","-1.0701593160629272","-1.0701593160629272","-1.0701593160629272"
"243","-1.4198529720306396","-1.4198529720306396","-1.4198529720306396"
"244","-0.8773161172866821","-0.8773161172866821","-0.8773161172866821"
"245","-1.1319873332977295","-1.1319873332977295","-1.1319873332977295"
"246","-0.8307920694351196","-0.8307920694351196","-0.8307920694351196"
"247","-1.4395625591278076","-1.4395625591278076","-1.4395625591278076"
"248","-0.9422106742858887","-0.9422106742858887","-0.9422106742858887"
"249","-1.5209825038909912","-1.5209825038909912","-1.5209825038909912"
"250","-0.9162955284118652","-0.9162955284118652","-0.9162955284118652"
"251","-1.0843957662582397","-1.0843957662582397","-1.0843957662582397"
"252","-0.7882561087608337","-0.7882561087608337","-0.7882561087608337"
"253","-0.919953465461731","-0.919953465461731","-0.919953465461731"
"254","-0.9549800157546997","-0.9549800157546997","-0.9549800157546997"
"255","-0.8840924501419067","-0.8840924501419067","-0.8840924501419067"
"256","-0.7988333702087402","-0.7988333702087402","-0.7988333702087402"
"257","-1.1001181602478027","-1.1001181602478027","-1.1001181602478027"
"258","-0.8924628496170044","-0.8924628496170044","-0.8924628496170044"
"259","-0.8970270752906799","-0.8970270752906799","-0.8970270752906799"
"260","-0.9581062197685242","-0.9581062197685242","-0.9581062197685242"
"261","-0.9231859445571899","-0.9231859445571899","-0.9231859445571899"
"262","-0.717788815498352","-0.717788815498352","-0.717788815498352"
"263","-1.365174651145935","-1.365174651145935","-1.365174651145935"
"264","-0.926087498664856","-0.926087498664856","-0.926087498664856"
"265","-0.6234751343727112","-0.6234751343727112","-0.6234751343727112"
"266","-0.8429520130157471","-0.8429520130157471","-0.8429520130157471"
"267","-1.0529412031173706","-1.0529412031173706","-1.0529412031173706"
"268","-0.9226345419883728","-0.9226345419883728","-0.9226345419883728"
"269","-1.0198607444763184","-1.0198607444763184","-1.0198607444763184"
"270","-1.1754271984100342","-1.1754271984100342","-1.1754271984100342"
"271","-0.8440165519714355","-0.8440165519714355","-0.8440165519714355"
"272","-0.8177453279495239","-0.8177453279495239","-0.8177453279495239"
"273","-1.318375587463379","-1.318375587463379","-1.318375587463379"
"274","-1.1230196952819824","-1.1230196952819824","-1.1230196952819824"
"275","-0.5465775728225708","-0.5465775728225708","-0.5465775728225708"
"276","-1.044896125793457","-1.044896125793457","-1.044896125793457"
"277","-0.8713811039924622","-0.8713811039924622","-0.8713811039924622"
"278","-1.0694900751113892","-1.0694900751113892","-1.0694900751113892"
"279","-1.2091883420944214","-1.2091883420944214","-1.2091883420944214"
"280","-1.082167387008667","-1.082167387008667","-1.082167387008667"
"281","-0.998865008354187","-0.998865008354187","-0.998865008354187"
"282","-0.8582404851913452","-0.8582404851913452","-0.8582404851913452"
"283","-1.0152359008789062","-1.0152359008789062","-1.0152359008789062"
"284","-0.9790870547294617","-0.9790870547294617","-0.9790870547294617"
"285","-1.0169570446014404","-1.0169570446014404","-1.0169570446014404"
"286","-0.9584028720855713","-0.9584028720855713","-0.9584028720855713"
"287","-1.413803219795227","-1.413803219795227","-1.413803219795227"
"288","-0.8533558249473572","-0.8533558249473572","-0.8533558249473572"
"289","-1.1193640232086182","-1.1193640232086182","-1.1193640232086182"
"290","-1.1841380596160889","-1.1841380596160889","-1.1841380596160889"
"291","-0.8411067128181458","-0.8411067128181458","-0.8411067128181458"
"292","-1.132150650024414","-1.132150650024414","-1.132150650024414"
"293","-0.8835238218307495","-0.8835238218307495","-0.8835238218307495"
"294","-0.7824105024337769","-0.7824105024337769","-0.7824105024337769"
"295","-1.1053154468536377","-1.1053154468536377","-1.1053154468536377"
"296","-1.3813278675079346","-1.3813278675079346","-1.3813278675079346"
"297","-0.7540518045425415","-0.7540518045425415","-0.7540518045425415"
"298","-1.1180124282836914","-1.1180124282836914","-1.1180124282836914"
"299","-1.0950849056243896","-1.0950849056243896","-1.0950849056243896"
"300","-1.002236008644104","-1.002236008644104","-1.002236008644104"
"301","-1.1062655448913574","-1.1062655448913574","-1.1062655448913574"
"302","-1.2118887901306152","-1.2118887901306152","-1.2118887901306152"
"303","-1.051581859588623","-1.051581859588623","-1.051581859588623"
"304","-0.6802777647972107","-0.6802777647972107","-0.6802777647972107"
"305","-0.8775727152824402","-0.8775727152824402","-0.8775727152824402"
"306","-1.0318745374679565","-1.0318745374679565","-1.0318745374679565"
"307","-1.2300329208374023","-1.2300329208374023","-1.2300329208374023"
"308","-1.2798349857330322","-1.2798349857330322","-1.2798349857330322"
"309","-1.0276851654052734","-1.0276851654052734","-1.0276851654052734"
"310","-1.1236094236373901","-1.1236094236373901","-1.1236094236373901"
"311","-0.9041661620140076","-0.9041661620140076","-0.9041661620140076"
"312","-0.963738739490509","-0.963738739490509","-0.963738739490509"
"313","-1.1869654655456543","-1.1869654655456543","-1.1869654655456543"
"314","-1.2605634927749634","-1.2605634927749634","-1.2605634927749634"
"315","-1.1320335865020752","-1.1320335865020752","-1.1320335865020752"
"316","-0.9902201890945435","-0.9902201890945435","-0.9902201890945435"
"317","-0.8283824920654297","-0.8283824920654297","-0.8283824920654297"
"318","-1.2037599086761475","-1.2037599086761475","-1.2037599086761475"
"319","-1.2432043552398682","-1.2432043552398682","-1.2432043552398682"
"320","-0.9440045356750488","-0.9440045356750488","-0.9440045356750488"
"321","-0.926671028137207","-0.926671028137207","-0.926671028137207"
"322","-0.9754649996757507","-0.9754649996757507","-0.9754649996757507"
"323","-0.7565211653709412","-0.7565211653709412","-0.7565211653709412"
"324","-1.1208829879760742","-1.1208829879760742","-1.1208829879760742"
"325","-1.124559760093689","-1.124559760093689","-1.124559760093689"
"326","-1.1384069919586182","-1.1384069919586182","-1.1384069919586182"
"327","-1.3933825492858887","-1.3933825492858887","-1.3933825492858887"
"328","-0.9832592010498047","-0.9832592010498047","-0.9832592010498047"
"329","-0.8956438302993774","-0.8956438302993774","-0.8956438302993774"
"330","-0.817327082157135","-0.817327082157135","-0.817327082157135"
"331","-1.08641517162323","-1.08641517162323","-1.08641517162323"
"332","-0.8166306018829346","-0.8166306018829346","-0.8166306018829346"
"333","-1.135237216949463","-1.135237216949463","-1.135237216949463"
"334","-1.231323480606079","-1.231323480606079","-1.231323480606079"
"335","-0.9614996910095215","-0.9614996910095215","-0.9614996910095215"
"336","-0.9432103037834167","-0.9432103037834167","-0.9432103037834167"
"337","-1.0373497009277344","-1.0373497009277344","-1.0373497009277344"
"338","-1.0575454235076904","-1.0575454235076904","-1.0575454235076904"
"339","-1.4759663343429565","-1.4759663343429565","-1.4759663343429565"
"340","-1.0595929622650146","-1.0595929622650146","-1.0595929622650146"
"341","-0.925992488861084","-0.925992488861084","-0.925992488861084"
"342","-1.1862916946411133","-1.1862916946411133","-1.1862916946411133"
"343","-0.9384396076202393","-0.9384396076202393","-0.9384396076202393"
"344","-1.0916712284088135","-1.0916712284088135","-1.0916712284088135"
"345","-0.9582303166389465","-0.9582303166389465","-0.9582303166389465"
"346","-1.2920970916748047","-1.2920970916748047","-1.2920970916748047"
"347","-0.9468659162521362","-0.9468659162521362","-0.9468659162521362"
"348","-1.2091299295425415","-1.2091299295425415","-1.2091299295425415"
"349","-1.1062036752700806","-1.1062036752700806","-1.1062036752700806"
"350","-1.27364981174469","-1.27364981174469","-1.27364981174469"
"351","-1.214382529258728","-1.214382529258728","-1.214382529258728"
"352","-0.9768710136413574","-0.9768710136413574","-0.9768710136413574"
"353","-0.8642897605895996","-0.8642897605895996","-0.8642897605895996"
"354","-0.7844407558441162","-0.7844407558441162","-0.7844407558441162"
"355","-1.1612577438354492","-1.1612577438354492","-1.1612577438354492"
"356","-1.1191158294677734","-1.1191158294677734","-1.1191158294677734"
"357","-1.3485885858535767","-1.3485885858535767","-1.3485885858535767"
"358","-1.0125597715377808","-1.0125597715377808","-1.0125597715377808"
"359","-1.0275754928588867","-1.0275754928588867","-1.0275754928588867"
"360","-0.880115270614624","-0.880115270614624","-0.880115270614624"
"361","-1.2789700031280518","-1.2789700031280518","-1.2789700031280518"
"362","-1.024190902709961","-1.024190902709961","-1.024190902709961"
"363","-1.171821117401123","-1.171821117401123","-1.171821117401123"
"364","-1.2560477256774902","-1.2560477256774902","-1.2560477256774902"
"365","-1.087015151977539","-1.087015151977539","-1.087015151977539"
"366","-1.2277017831802368","-1.2277017831802368","-1.2277017831802368"
"367","-1.100231409072876","-1.100231409072876","-1.100231409072876"
"368","-0.8603479862213135","-0.8603479862213135","-0.8603479862213135"
"369","-0.9889135956764221","-0.9889135956764221","-0.9889135956764221"
"370","-1.6860913038253784","-1.6860913038253784","-1.6860913038253784"
"371","-1.2427302598953247","-1.2427302598953247","-1.2427302598953247"
"372","-0.88848477602005","-0.88848477602005","-0.88848477602005"
"373","-1.1902897357940674","-1.1902897357940674","-1.1902897357940674"
"374","-1.0849497318267822","-1.0849497318267822","-1.0849497318267822"
"375","-1.2558462619781494","-1.2558462619781494","-1.2558462619781494"
"376","-1.0846773386001587","-1.0846773386001587","-1.0846773386001587"
"377","-1.1909362077713013","-1.1909362077713013","-1.1909362077713013"
"378","-1.4966793060302734","-1.4966793060302734","-1.4966793060302734"
"379","-0.8824483156204224","-0.8824483156204224","-0.8824483156204224"
"380","-1.1540077924728394","-1.1540077924728394","-1.1540077924728394"
"381","-1.3656771183013916","-1.3656771183013916","-1.3656771183013916"
"382","-1.1265132427215576","-1.1265132427215576","-1.1265132427215576"
"383","-1.2446237802505493","-1.2446237802505493","-1.2446237802505493"
"384","-1.25168776512146","-1.25168776512146","-1.25168776512146"
"385","-1.1365458965301514","-1.1365458965301514","-1.1365458965301514"
"386","-1.3335187435150146","-1.3335187435150146","-1.3335187435150146"
"387","-0.9772065877914429","-0.9772065877914429","-0.9772065877914429"
"388","-1.0627365112304688","-1.0627365112304688","-1.0627365112304688"
"389","-0.9450057744979858","-0.9450057744979858","-0.9450057744979858"
"390","-1.0043060779571533","-1.0043060779571533","-1.0043060779571533"
"391","-1.0194141864776611","-1.0194141864776611","-1.0194141864776611"
"392","-1.045515537261963","-1.045515537261963","-1.045515537261963"
"393","-1.1000139713287354","-1.1000139713287354","-1.1000139713287354"
"394","-1.3233799934387207","-1.3233799934387207","-1.3233799934387207"
"395","-1.064387321472168","-1.064387321472168","-1.064387321472168"
"396","-1.2157349586486816","-1.2157349586486816","-1.2157349586486816"
"397","-1.3753602504730225","-1.3753602504730225","-1.3753602504730225"
"398","-0.9743612408638","-0.9743612408638","-0.9743612408638"
"399","-1.0370076894760132","-1.0370076894760132","-1.0370076894760132"
"400","-0.967286229133606","-0.967286229133606","-0.967286229133606"
"402","0","0","0"
"403","-0.1879439353942871","-0.1879439353942871","-0.1879439353942871"
"404","0.026868700981140137","0.026868700981140137","0.026868700981140137"
"405","-0.4149949550628662","-0.4149949550628662","-0.4149949550628662"
"406","-0.9639780521392822","-0.9639780521392822","-0.9639780521392822"
"407","-0.8611365556716919","-0.8611365556716919","-0.8611365556716919"
"408","-1.0629422664642334","-1.0629422664642334","-1.0629422664642334"
"409","-1.4097905158996582","-1.4097905158996582","-1.4097905158996582"
"410","-1.6174476146697998","-1.6174476146697998","-1.6174476146697998"
"411","-2.548490524291992","-2.548490524291992","-2.548490524291992"
"412","-3.2064905166625977","-3.2064905166625977","-3.2064905166625977"
"413","-3.2793407440185547","-3.2793407440185547","-3.2793407440185547"
"414","-2.806854248046875","-2.806854248046875","-2.806854248046875"
"415","-3.6650993824005127","-3.6650993824005127","-3.6650993824005127"
"416","-4.261885643005371","-4.261885643005371","-4.261885643005371"
"417","-3.748145580291748","-3.748145580291748","-3.748145580291748"
"418","-3.6481411457061768","-3.6481411457061768","-3.6481411457061768"
"419","-6.675571918487549","-6.675571918487549","-6.675571918487549"
"420","-6.021117210388184","-6.021117210388184","-6.021117210388184"
"421","-5.810244083404541","-5.810244083404541","-5.810244083404541"
"422","-6.560423851013184","-6.560423851013184","-6.560423851013184"
"423","-6.209387302398682","-6.209387302398682","-6.209387302398682"
"424","-5.355834007263184","-5.355834007263184","-5.355834007263184"
"425","-6.805072784423828","-6.805072784423828","-6.805072784423828"
"426","-6.371007442474365","-6.371007442474365","-6.371007442474365"
"427","-4.741718292236328","-4.741718292236328","-4.741718292236328"
"428","-4.48348331451416","-4.48348331451416","-4.48348331451416"
"429","-6.070576190948486","-6.070576190948486","-6.070576190948486"
"430","-6.590863227844238","-6.590863227844238","-6.590863227844238"
"431","-5.664372444152832","-5.664372444152832","-5.664372444152832"
"432","-5.416194915771484","-5.416194915771484","-5.416194915771484"
"433","-5.132753372192383","-5.132753372192383","-5.132753372192383"
"434","-6.484033584594727","-6.484033584594727","-6.484033584594727"
"435","-8.427766799926758","-8.427766799926758","-8.427766799926758"
"436","-5.379838943481445","-5.379838943481445","-5.379838943481445"
"437","-6.465867519378662","-6.465867519378662","-6.465867519378662"
"438","-6.205556869506836","-6.205556869506836","-6.205556869506836"
"439","-5.408086776733398","-5.408086776733398","-5.408086776733398"
"440","-5.890419006347656","-5.890419006347656","-5.890419006347656"
"441","-3.9196252822875977","-3.9196252822875977","-3.9196252822875977"
"442","-6.02131462097168","-6.02131462097168","-6.02131462097168"
"443","-3.0775563716888428","-3.0775563716888428","-3.0775563716888428"
"444","-5.042144775390625","-5.042144775390625","-5.042144775390625"
"445","-3.642885208129883","-3.642885208129883","-3.642885208129883"
"446","-6.580727577209473","-6.580727577209473","-6.580727577209473"
"447","-4.352656364440918","-4.352656364440918","-4.352656364440918"
"448","-6.419374465942383","-6.419374465942383","-6.419374465942383"
"449","-5.139496803283691","-5.139496803283691","-5.139496803283691"
"450","-6.04971170425415","-6.04971170425415","-6.04971170425415"
"451","-4.372887134552002","-4.372887134552002","-4.372887134552002"
"452","-4.811563014984131","-4.811563014984131","-4.811563014984131"
"453","-3.2476303577423096","-3.2476303577423096","-3.2476303577423096"
"454","-5.610503673553467","-5.610503673553467","-5.610503673553467"
"455","-4.990151405334473","-4.990151405334473","-4.990151405334473"
"456","-3.9617223739624023","-3.9617223739624023","-3.9617223739624023"
"457","-4.536734580993652","-4.536734580993652","-4.536734580993652"
"458","-3.9501776695251465","-3.9501776695251465","-3.9501776695251465"
"459","-4.526485443115234","-4.526485443115234","-4.526485443115234"
"460","-3.7408580780029297","-3.7408580780029297","-3.7408580780029297"
"461","-4.604577541351318","-4.604577541351318","-4.604577541351318"
"462","-4.607970714569092","-4.607970714569092","-4.607970714569092"
"463","-4.503994941711426","-4.503994941711426","-4.503994941711426"
"464","-7.617246150970459","-7.617246150970459","-7.617246150970459"
"465","-4.4289398193359375","-4.4289398193359375","-4.4289398193359375"
"466","-2.048797845840454","-2.048797845840454","-2.048797845840454"
"467","-4.712442874908447","-4.712442874908447","-4.712442874908447"
"468","-5.842192649841309","-5.842192649841309","-5.842192649841309"
"469","-5.652554988861084","-5.652554988861084","-5.652554988861084"
"470","-5.558950424194336","-5.558950424194336","-5.558950424194336"
"471","-5.142513275146484","-5.142513275146484","-5.142513275146484"
"472","-5.353639125823975","-5.353639125823975","-5.353639125823975"
"473","-5.278019905090332","-5.278019905090332","-5.278019905090332"
"474","-6.877253532409668","-6.877253532409668","-6.877253532409668"
"475","-4.307275772094727","-4.307275772094727","-4.307275772094727"
"476","-2.162306308746338","-2.162306308746338","-2.162306308746338"
"477","-6.4100189208984375","-6.4100189208984375","-6.4100189208984375"
"478","-3.8737690448760986","-3.8737690448760986","-3.8737690448760986"
"479","-3.3043689727783203","-3.3043689727783203","-3.3043689727783203"
"480","-6.001744747161865","-6.001744747161865","-6.001744747161865"
"481","-6.1310553550720215","-6.1310553550720215","-6.1310553550720215"
"482","-5.324851989746094","-5.324851989746094","-5.324851989746094"
"483","-3.3934788703918457","-3.3934788703918457","-3.3934788703918457"
"484","-4.801719665527344","-4.801719665527344","-4.801719665527344"
"485","-3.6647024154663086","-3.6647024154663086","-3.6647024154663086"
"486","-2.838585376739502","-2.838585376739502","-2.838585376739502"
"487","-4.42171049118042","-4.42171049118042","-4.42171049118042"
"488","-7.8023481369018555","-7.8023481369018555","-7.8023481369018555"
"489","-3.224301815032959","-3.224301815032959","-3.224301815032959"
"490","-6.756494998931885","-6.756494998931885","-6.756494998931885"
"491","-6.30954647064209","-6.30954647064209","-6.30954647064209"
"492","-5.228770732879639","-5.228770732879639","-5.228770732879639"
"493","-5.089029312133789","-5.089029312133789","-5.089029312133789"
"494","-3.995885133743286","-3.995885133743286","-3.995885133743286"
"495","-4.756590366363525","-4.756590366363525","-4.756590366363525"
"496","-4.866603374481201","-4.866603374481201","-4.866603374481201"
"497","-6.671170234680176","-6.671170234680176","-6.671170234680176"
"498","-1.5672008991241455","-1.5672008991241455","-1.5672008991241455"
"499","-5.014561653137207","-5.014561653137207","-5.014561653137207"
"500","-5.239631652832031","-5.239631652832031","-5.239631652832031"
"501","-4.773770809173584","-4.773770809173584","-4.773770809173584"
"502","-6.096810340881348","-6.096810340881348","-6.096810340881348"
"503","-6.286251068115234","-6.286251068115234","-6.286251068115234"
"504","-6.111604690551758","-6.111604690551758","-6.111604690551758"
"505","-3.8345634937286377","-3.8345634937286377","-3.8345634937286377"
"506","-4.09914493560791","-4.09914493560791","-4.09914493560791"
"507","-4.878750324249268","-4.878750324249268","-4.878750324249268"
"508","-7.278262138366699","-7.278262138366699","-7.278262138366699"
"509","-6.110993385314941","-6.110993385314941","-6.110993385314941"
"510","-5.86677360534668","-5.86677360534668","-5.86677360534668"
"511","-7.082514762878418","-7.082514762878418","-7.082514762878418"
"512","-2.727290153503418","-2.727290153503418","-2.727290153503418"
"513","-4.017097473144531","-4.017097473144531","-4.017097473144531"
"514","-6.715892791748047","-6.715892791748047","-6.715892791748047"
"515","-7.757542133331299","-7.757542133331299","-7.757542133331299"
"516","-6.197856903076172","-6.197856903076172","-6.197856903076172"
"517","-5.644012451171875","-5.644012451171875","-5.644012451171875"
"518","-4.923765182495117","-4.923765182495117","-4.923765182495117"
"519","-6.521592617034912","-6.521592617034912","-6.521592617034912"
"520","-5.523615837097168","-5.523615837097168","-5.523615837097168"
"521","-5.000569820404053","-5.000569820404053","-5.000569820404053"
"522","-3.7514283657073975","-3.7514283657073975","-3.7514283657073975"
"523","-5.363562107086182","-5.363562107086182","-5.363562107086182"
"524","-4.705761909484863","-4.705761909484863","-4.705761909484863"
"525","-5.0210652351379395","-5.0210652351379395","-5.0210652351379395"
"526","-5.948760986328125","-5.948760986328125","-5.948760986328125"
"527","-5.883063316345215","-5.883063316345215","-5.883063316345215"
"528","-7.547466278076172","-7.547466278076172","-7.547466278076172"
"529","-4.605343818664551","-4.605343818664551","-4.605343818664551"
"530","-3.686023712158203","-3.686023712158203","-3.686023712158203"
"531","-3.1863229274749756","-3.1863229274749756","-3.1863229274749756"
"532","-6.457205772399902","-6.457205772399902","-6.457205772399902"
"533","-4.293966293334961","-4.293966293334961","-4.293966293334961"
"534","-4.384116172790527","-4.384116172790527","-4.384116172790527"
"535","-6.567776679992676","-6.567776679992676","-6.567776679992676"
"536","-6.1920270919799805","-6.1920270919799805","-6.1920270919799805"
"537","-4.202969074249268","-4.202969074249268","-4.202969074249268"
"538","-4.402492046356201","-4.402492046356201","-4.402492046356201"
"539","-3.443544387817383","-3.443544387817383","-3.443544387817383"
"540","-7.068821907043457","-7.068821907043457","-7.068821907043457"
"541","-4.073982238769531","-4.073982238769531","-4.073982238769531"
"542","-4.959870338439941","-4.959870338439941","-4.959870338439941"
"543","-5.377213954925537","-5.377213954925537","-5.377213954925537"
"544","-4.285618305206299","-4.285618305206299","-4.285618305206299"
"545","-6.311528205871582","-6.311528205871582","-6.311528205871582"
"546","-4.469569206237793","-4.469569206237793","-4.469569206237793"
"547","-5.036386489868164","-5.036386489868164","-5.036386489868164"
"548","-5.310338973999023","-5.310338973999023","-5.310338973999023"
"549","-6.535205841064453","-6.535205841064453","-6.535205841064453"
"550","-5.068113327026367","-5.068113327026367","-5.068113327026367"
"551","-6.374325275421143","-6.374325275421143","-6.374325275421143"
"552","-4.630428791046143","-4.630428791046143","-4.630428791046143"
"553","-6.054155349731445","-6.054155349731445","-6.054155349731445"
"554","-2.8409316539764404","-2.8409316539764404","-2.8409316539764404"
"555","-3.7574610710144043","-3.7574610710144043","-3.7574610710144043"
"556","-5.222548007965088","-5.222548007965088","-5.222548007965088"
"557","-3.104020118713379","-3.104020118713379","-3.104020118713379"
"558","-4.492942810058594","-4.492942810058594","-4.492942810058594"
"559","-4.959112644195557","-4.959112644195557","-4.959112644195557"
"560","-4.403775215148926","-4.403775215148926","-4.403775215148926"
"561","-3.4419031143188477","-3.4419031143188477","-3.4419031143188477"
"562","-5.020188808441162","-5.020188808441162","-5.020188808441162"
"563","-3.838865280151367","-3.838865280151367","-3.838865280151367"
"564","-5.880681037902832","-5.880681037902832","-5.880681037902832"
"565","-6.940830707550049","-6.940830707550049","-6.940830707550049"
"566","-2.2983083724975586","-2.2983083724975586","-2.2983083724975586"
"567","-5.602109909057617","-5.602109909057617","-5.602109909057617"
"568","-7.141862869262695","-7.141862869262695","-7.141862869262695"
"569","-3.1399707794189453","-3.1399707794189453","-3.1399707794189453"
"570","-5.072141647338867","-5.072141647338867","-5.072141647338867"
"571","-7.993244171142578","-7.993244171142578","-7.993244171142578"
"572","-5.02517557144165","-5.02517557144165","-5.02517557144165"
"573","-2.095722198486328","-2.095722198486328","-2.095722198486328"
"574","-4.508732795715332","-4.508732795715332","-4.508732795715332"
"575","-3.5321898460388184","-3.5321898460388184","-3.5321898460388184"
"576","-4.355892181396484","-4.355892181396484","-4.355892181396484"
"577","-5.778575897216797","-5.778575897216797","-5.778575897216797"
"578","-6.302036762237549","-6.302036762237549","-6.302036762237549"
"579","-8.74405574798584","-8.74405574798584","-8.74405574798584"
"580","-4.361120223999023","-4.361120223999023","-4.361120223999023"
"581","-4.9523234367370605","-4.9523234367370605","-4.9523234367370605"
"582","-7.670860290527344","-7.670860290527344","-7.670860290527344"
"583","-5.550293922424316","-5.550293922424316","-5.550293922424316"
"584","-6.014821529388428","-6.014821529388428","-6.014821529388428"
"585","-5.78619909286499","-5.78619909286499","-5.78619909286499"
"586","-5.819467544555664","-5.819467544555664","-5.819467544555664"
"587","-6.431101322174072","-6.431101322174072","-6.431101322174072"
"588","-3.783435106277466","-3.783435106277466","-3.783435106277466"
"589","-4.892513275146484","-4.892513275146484","-4.892513275146484"
"590","-3.712186574935913","-3.712186574935913","-3.712186574935913"
"591","-4.210306167602539","-4.210306167602539","-4.210306167602539"
"592","-3.318589448928833","-3.318589448928833","-3.318589448928833"
"593","-4.814846992492676","-4.814846992492676","-4.814846992492676"
"594","-4.945534706115723","-4.945534706115723","-4.945534706115723"
"595","-6.3099212646484375","-6.3099212646484375","-6.3099212646484375"
"596","-4.9701433181762695","-4.9701433181762695","-4.9701433181762695"
"597","-5.395971298217773","-5.395971298217773","-5.395971298217773"
"598","-5.706178188323975","-5.706178188323975","-5.706178188323975"
"599","-3.31663179397583","-3.31663179397583","-3.31663179397583"
"600","-3.446089267730713","-3.446089267730713","-3.446089267730713"
"601","-5.43217134475708","-5.43217134475708","-5.43217134475708"
"603","0","0","0"
"604","-0.014509500004351139","-0.014509500004351139","-0.014509500004351139"
"605","0.010661888867616653","0.010661888867616653","0.010661888867616653"
"606","-0.0481969490647316","-0.0481969490647316","-0.0481969490647316"
"607","-0.11991187930107117","-0.11991187930107117","-0.11991187930107117"
"608","-0.15292294323444366","-0.15292294323444366","-0.15292294323444366"
"609","-0.1490553915500641","-0.1490553915500641","-0.1490553915500641"
"610","-0.14746308326721191","-0.14746308326721191","-0.14746308326721191"
"611","-0.14686235785484314","-0.14686235785484314","-0.14686235785484314"
"612","-0.2969841957092285","-0.2969841957092285","-0.2969841957092285"
"613","-0.4290880858898163","-0.4290880858898163","-0.4290880858898163"
"614","-0.3634578585624695","-0.3634578585624695","-0.3634578585624695"
"615","-0.3618417978286743","-0.3618417978286743","-0.3618417978286743"
"616","-0.42527076601982117","-0.42527076601982117","-0.42527076601982117"
"617","-0.4459693729877472","-0.4459693729877472","-0.4459693729877472"
"618","-0.5971848368644714","-0.5971848368644714","-0.5971848368644714"
"619","-0.47188517451286316","-0.47188517451286316","-0.47188517451286316"
"620","-0.9407455921173096","-0.9407455921173096","-0.9407455921173096"
"621","-0.9660962820053101","-0.9660962820053101","-0.9660962820053101"
"622","-0.9268618822097778","-0.9268618822097778","-0.9268618822097778"
"623","-1.0862444639205933","-1.0862444639205933","-1.0862444639205933"
"624","-0.966623067855835","-0.966623067855835","-0.966623067855835"
"625","-0.8530966639518738","-0.8530966639518738","-0.8530966639518738"
"626","-1.0289617776870728","-1.0289617776870728","-1.0289617776870728"
"627","-1.04072105884552","-1.04072105884552","-1.04072105884552"
"628","-1.0045820474624634","-1.0045820474624634","-1.0045820474624634"
"629","-1.1079176664352417","-1.1079176664352417","-1.1079176664352417"
"630","-1.3952277898788452","-1.3952277898788452","-1.3952277898788452"
"631","-1.5631763935089111","-1.5631763935089111","-1.5631763935089111"
"632","-1.1521737575531006","-1.1521737575531006","-1.1521737575531006"
"633","-1.4857127666473389","-1.4857127666473389","-1.4857127666473389"
"634","-1.0766627788543701","-1.0766627788543701","-1.0766627788543701"
"635","-1.3611339330673218","-1.3611339330673218","-1.3611339330673218"
"636","-1.6406526565551758","-1.6406526565551758","-1.6406526565551758"
"637","-1.5231910943984985","-1.5231910943984985","-1.5231910943984985"
"638","-1.9455146789550781","-1.9455146789550781","-1.9455146789550781"
"639","-1.3592740297317505","-1.3592740297317505","-1.3592740297317505"
"640","-1.6200096607208252","-1.6200096607208252","-1.6200096607208252"
"641","-1.3643687963485718","-1.3643687963485718","-1.3643687963485718"
"642","-1.4657235145568848","-1.4657235145568848","-1.4657235145568848"
"643","-1.6559770107269287","-1.6559770107269287","-1.6559770107269287"
"644","-1.4819295406341553","-1.4819295406341553","-1.4819295406341553"
"645","-2.015185832977295","-2.015185832977295","-2.015185832977295"
"646","-1.2136257886886597","-1.2136257886886597","-1.2136257886886597"
"647","-1.6772315502166748","-1.6772315502166748","-1.6772315502166748"
"648","-1.2006313800811768","-1.2006313800811768","-1.2006313800811768"
"649","-2.022874116897583","-2.022874116897583","-2.022874116897583"
"650","-1.3718156814575195","-1.3718156814575195","-1.3718156814575195"
"651","-2.083739757537842","-2.083739757537842","-2.083739757537842"
"652","-1.2691731452941895","-1.2691731452941895","-1.2691731452941895"
"653","-1.469523549079895","-1.469523549079895","-1.469523549079895"
"654","-1.0930306911468506","-1.0930306911468506","-1.0930306911468506"
"655","-1.3017421960830688","-1.3017421960830688","-1.3017421960830688"
"656","-1.4204965829849243","-1.4204965829849243","-1.4204965829849243"
"657","-1.2019511461257935","-1.2019511461257935","-1.2019511461257935"
"658","-1.1787043809890747","-1.1787043809890747","-1.1787043809890747"
"659","-1.3225798606872559","-1.3225798606872559","-1.3225798606872559"
"660","-1.3352088928222656","-1.3352088928222656","-1.3352088928222656"
"661","-1.2161110639572144","-1.2161110639572144","-1.2161110639572144"
"662","-1.3991385698318481","-1.3991385698318481","-1.3991385698318481"
"663","-1.1834477186203003","-1.1834477186203003","-1.1834477186203003"
"664","-0.975522518157959","-0.975522518157959","-0.975522518157959"
"665","-1.9035611152648926","-1.9035611152648926","-1.9035611152648926"
"666","-1.3486270904541016","-1.3486270904541016","-1.3486270904541016"
"667","-0.8573808670043945","-0.8573808670043945","-0.8573808670043945"
"668","-1.2511038780212402","-1.2511038780212402","-1.2511038780212402"
"669","-1.3852112293243408","-1.3852112293243408","-1.3852112293243408"
"670","-1.276192307472229","-1.276192307472229","-1.276192307472229"
"671","-1.3731212615966797","-1.3731212615966797","-1.3731212615966797"
"672","-1.6223289966583252","-1.6223289966583252","-1.6223289966583252"
"673","-1.1885451078414917","-1.1885451078414917","-1.1885451078414917"
"674","-1.125584363937378","-1.125584363937378","-1.125584363937378"
"675","-1.8000904321670532","-1.8000904321670532","-1.8000904321670532"
"676","-1.4820246696472168","-1.4820246696472168","-1.4820246696472168"
"677","-0.7418464422225952","-0.7418464422225952","-0.7418464422225952"
"678","-1.4956042766571045","-1.4956042766571045","-1.4956042766571045"
"679","-1.2894892692565918","-1.2894892692565918","-1.2894892692565918"
"680","-1.4879722595214844","-1.4879722595214844","-1.4879722595214844"
"681","-1.7865097522735596","-1.7865097522735596","-1.7865097522735596"
"682","-1.5828771591186523","-1.5828771591186523","-1.5828771591186523"
"683","-1.4416697025299072","-1.4416697025299072","-1.4416697025299072"
"684","-1.2054866552352905","-1.2054866552352905","-1.2054866552352905"
"685","-1.4225802421569824","-1.4225802421569824","-1.4225802421569824"
"686","-1.4010754823684692","-1.4010754823684692","-1.4010754823684692"
"687","-1.4217509031295776","-1.4217509031295776","-1.4217509031295776"
"688","-1.3880637884140015","-1.3880637884140015","-1.3880637884140015"
"689","-2.1204769611358643","-2.1204769611358643","-2.1204769611358643"
"690","-1.1652867794036865","-1.1652867794036865","-1.1652867794036865"
"691","-1.634144902229309","-1.634144902229309","-1.634144902229309"
"692","-1.7410818338394165","-1.7410818338394165","-1.7410818338394165"
"693","-1.2339996099472046","-1.2339996099472046","-1.2339996099472046"
"694","-1.5617306232452393","-1.5617306232452393","-1.5617306232452393"
"695","-1.2043207883834839","-1.2043207883834839","-1.2043207883834839"
"696","-1.1622207164764404","-1.1622207164764404","-1.1622207164764404"
"697","-1.5276236534118652","-1.5276236534118652","-1.5276236534118652"
"698","-1.8745489120483398","-1.8745489120483398","-1.8745489120483398"
"699","-1.086635947227478","-1.086635947227478","-1.086635947227478"
"700","-1.5792851448059082","-1.5792851448059082","-1.5792851448059082"
"701","-1.4912221431732178","-1.4912221431732178","-1.4912221431732178"
"702","-1.4427688121795654","-1.4427688121795654","-1.4427688121795654"
"703","-1.5751488208770752","-1.5751488208770752","-1.5751488208770752"
"704","-1.6580467224121094","-1.6580467224121094","-1.6580467224121094"
"705","-1.4629466533660889","-1.4629466533660889","-1.4629466533660889"
"706","-0.9991315603256226","-0.9991315603256226","-0.9991315603256226"
"707","-1.2019823789596558","-1.2019823789596558","-1.2019823789596558"
"708","-1.4078854322433472","-1.4078854322433472","-1.4078854322433472"
"709","-1.7901612520217896","-1.7901612520217896","-1.7901612520217896"
"710","-1.6671631336212158","-1.6671631336212158","-1.6671631336212158"
"711","-1.398574948310852","-1.398574948310852","-1.398574948310852"
"712","-1.5975557565689087","-1.5975557565689087","-1.5975557565689087"
"713","-1.0532407760620117","-1.0532407760620117","-1.0532407760620117"
"714","-1.241676926612854","-1.241676926612854","-1.241676926612854"
"715","-1.543215274810791","-1.543215274810791","-1.543215274810791"
"716","-1.6324423551559448","-1.6324423551559448","-1.6324423551559448"
"717","-1.5251948833465576","-1.5251948833465576","-1.5251948833465576"
"718","-1.335537075996399","-1.335537075996399","-1.335537075996399"
"719","-1.0869771242141724","-1.0869771242141724","-1.0869771242141724"
"720","-1.5977978706359863","-1.5977978706359863","-1.5977978706359863"
"721","-1.5049322843551636","-1.5049322843551636","-1.5049322843551636"
"722","-1.205018162727356","-1.205018162727356","-1.205018162727356"
"723","-1.0977180004119873","-1.0977180004119873","-1.0977180004119873"
"724","-1.2390297651290894","-1.2390297651290894","-1.2390297651290894"
"725","-1.0408828258514404","-1.0408828258514404","-1.0408828258514404"
"726","-1.403808832168579","-1.403808832168579","-1.403808832168579"
"727","-1.5058765411376953","-1.5058765411376953","-1.5058765411376953"
"728","-1.4121551513671875","-1.4121551513671875","-1.4121551513671875"
"729","-1.7681729793548584","-1.7681729793548584","-1.7681729793548584"
"730","-1.2443052530288696","-1.2443052530288696","-1.2443052530288696"
"731","-1.1674034595489502","-1.1674034595489502","-1.1674034595489502"
"732","-0.9479255676269531","-0.9479255676269531","-0.9479255676269531"
"733","-1.3897044658660889","-1.3897044658660889","-1.3897044658660889"
"734","-1.007045030593872","-1.007045030593872","-1.007045030593872"
"735","-1.4497780799865723","-1.4497780799865723","-1.4497780799865723"
"736","-1.5151584148406982","-1.5151584148406982","-1.5151584148406982"
"737","-1.2752395868301392","-1.2752395868301392","-1.2752395868301392"
"738","-1.2366244792938232","-1.2366244792938232","-1.2366244792938232"
"739","-1.2125418186187744","-1.2125418186187744","-1.2125418186187744"
"740","-1.3096474409103394","-1.3096474409103394","-1.3096474409103394"
"741","-1.887857437133789","-1.887857437133789","-1.887857437133789"
"742","-1.3170002698898315","-1.3170002698898315","-1.3170002698898315"
"743","-1.2368359565734863","-1.2368359565734863","-1.2368359565734863"
"744","-1.5657896995544434","-1.5657896995544434","-1.5657896995544434"
"745","-1.122197151184082","-1.122197151184082","-1.122197151184082"
"746","-1.4558215141296387","-1.4558215141296387","-1.4558215141296387"
"747","-1.1858596801757812","-1.1858596801757812","-1.1858596801757812"
"748","-1.6120600700378418","-1.6120600700378418","-1.6120600700378418"
"749","-1.246154546737671","-1.246154546737671","-1.246154546737671"
"750","-1.4660841226577759","-1.4660841226577759","-1.4660841226577759"
"751","-1.4545817375183105","-1.4545817375183105","-1.4545817375183105"
"752","-1.5823966264724731","-1.5823966264724731","-1.5823966264724731"
"753","-1.6081225872039795","-1.6081225872039795","-1.6081225872039795"
"754","-1.3341655731201172","-1.3341655731201172","-1.3341655731201172"
"755","-1.0610214471817017","-1.0610214471817017","-1.0610214471817017"
"756","-1.0476230382919312","-1.0476230382919312","-1.0476230382919312"
"757","-1.4496030807495117","-1.4496030807495117","-1.4496030807495117"
"758","-1.3525804281234741","-1.3525804281234741","-1.3525804281234741"
"759","-1.6621052026748657","-1.6621052026748657","-1.6621052026748657"
"760","-1.410847544670105","-1.410847544670105","-1.410847544670105"
"761","-1.3553837537765503","-1.3553837537765503","-1.3553837537765503"
"762","-1.164546251296997","-1.164546251296997","-1.164546251296997"
"763","-1.5943106412887573","-1.5943106412887573","-1.5943106412887573"
"764","-1.3090094327926636","-1.3090094327926636","-1.3090094327926636"
"765","-1.4776997566223145","-1.4776997566223145","-1.4776997566223145"
"766","-1.6561812162399292","-1.6561812162399292","-1.6561812162399292"
"767","-1.2055237293243408","-1.2055237293243408","-1.2055237293243408"
"768","-1.5738521814346313","-1.5738521814346313","-1.5738521814346313"
"769","-1.5170893669128418","-1.5170893669128418","-1.5170893669128418"
"770","-1.0749763250350952","-1.0749763250350952","-1.0749763250350952"
"771","-1.293161392211914","-1.293161392211914","-1.293161392211914"
"772","-2.1520214080810547","-2.1520214080810547","-2.1520214080810547"
"773","-1.466012716293335","-1.466012716293335","-1.466012716293335"
"774","-1.112833857536316","-1.112833857536316","-1.112833857536316"
"775","-1.4725486040115356","-1.4725486040115356","-1.4725486040115356"
"776","-1.4026824235916138","-1.4026824235916138","-1.4026824235916138"
"777","-1.6041510105133057","-1.6041510105133057","-1.6041510105133057"
"778","-1.4386804103851318","-1.4386804103851318","-1.4386804103851318"
"779","-1.493636131286621","-1.493636131286621","-1.493636131286621"
"780","-1.951266884803772","-1.951266884803772","-1.951266884803772"
"781","-1.1659626960754395","-1.1659626960754395","-1.1659626960754395"
"782","-1.542636513710022","-1.542636513710022","-1.542636513710022"
"783","-1.7954881191253662","-1.7954881191253662","-1.7954881191253662"
"784","-1.5017387866973877","-1.5017387866973877","-1.5017387866973877"
"785","-1.6517447233200073","-1.6517447233200073","-1.6517447233200073"
"786","-1.5975759029388428","-1.5975759029388428","-1.5975759029388428"
"787","-1.561591386795044","-1.561591386795044","-1.561591386795044"
"788","-1.7446672916412354","-1.7446672916412354","-1.7446672916412354"
"789","-1.2778217792510986","-1.2778217792510986","-1.2778217792510986"
"790","-1.404653787612915","-1.404653787612915","-1.404653787612915"
"791","-1.2426046133041382","-1.2426046133041382","-1.2426046133041382"
"792","-1.2982245683670044","-1.2982245683670044","-1.2982245683670044"
"793","-1.2564387321472168","-1.2564387321472168","-1.2564387321472168"
"794","-1.3419947624206543","-1.3419947624206543","-1.3419947624206543"
"795","-1.4015111923217773","-1.4015111923217773","-1.4015111923217773"
"796","-1.6555802822113037","-1.6555802822113037","-1.6555802822113037"
"797","-1.3994965553283691","-1.3994965553283691","-1.3994965553283691"
"798","-1.5655150413513184","-1.5655150413513184","-1.5655150413513184"
"799","-1.6883141994476318","-1.6883141994476318","-1.6883141994476318"
"800","-1.2747762203216553","-1.2747762203216553","-1.2747762203216553"
"801","-1.3622227907180786","-1.3622227907180786","-1.3622227907180786"
"802","-1.2828631401062012","-1.2828631401062012","-1.2828631401062012"
"804","0","0","0"
"805","0.5623859167098999","0.5623859167098999","0.5623859167098999"
"806","-1.1539137363433838","-1.1539137363433838","-1.1539137363433838"
"807","-2.2274107933044434","-2.2274107933044434","-2.2274107933044434"
"808","-4.98114013671875","-4.98114013671875","-4.98114013671875"
"809","-5.954743385314941","-5.954743385314941","-5.954743385314941"
"810","-6.456145286560059","-6.456145286560059","-6.456145286560059"
"811","-4.869682312011719","-4.869682312011719","-4.869682312011719"
"812","-7.676156997680664","-7.676156997680664","-7.676156997680664"
"813","-12.613177299499512","-12.613177299499512","-12.613177299499512"
"814","-13.804627418518066","-13.804627418518066","-13.804627418518066"
"815","-13.781685829162598","-13.781685829162598","-13.781685829162598"
"816","-10.482076644897461","-10.482076644897461","-10.482076644897461"
"817","-13.480453491210938","-13.480453491210938","-13.480453491210938"
"818","-18.440073013305664","-18.440073013305664","-18.440073013305664"
"819","-14.59503173828125","-14.59503173828125","-14.59503173828125"
"820","-14.341553688049316","-14.341553688049316","-14.341553688049316"
"821","-29.5826416015625","-29.5826416015625","-29.5826416015625"
"822","-27.52304458618164","-27.52304458618164","-27.52304458618164"
"823","-22.625810623168945","-22.625810623168945","-22.625810623168945"
"824","-24.79790496826172","-24.79790496826172","-24.79790496826172"
"825","-25.507184982299805","-25.507184982299805","-25.507184982299805"
"826","-19.801311492919922","-19.801311492919922","-19.801311492919922"
"827","-27.547813415527344","-27.547813415527344","-27.547813415527344"
"828","-26.14212989807129","-26.14212989807129","-26.14212989807129"
"829","-20.723186492919922","-20.723186492919922","-20.723186492919922"
"830","-13.981603622436523","-13.981603622436523","-13.981603622436523"
"831","-21.287235260009766","-21.287235260009766","-21.287235260009766"
"832","-24.391477584838867","-24.391477584838867","-24.391477584838867"
"833","-24.465417861938477","-24.465417861938477","-24.465417861938477"
"834","-23.299785614013672","-23.299785614013672","-23.299785614013672"
"835","-19.53955078125","-19.53955078125","-19.53955078125"
"836","-27.767309188842773","-27.767309188842773","-27.767309188842773"
"837","-37.90380859375","-37.90380859375","-37.90380859375"
"838","-24.841793060302734","-24.841793060302734","-24.841793060302734"
"839","-29.19384002685547","-29.19384002685547","-29.19384002685547"
"840","-28.974592208862305","-28.974592208862305","-28.974592208862305"
"841","-29.875553131103516","-29.875553131103516","-29.875553131103516"
"842","-27.711410522460938","-27.711410522460938","-27.711410522460938"
"843","-21.586572647094727","-21.586572647094727","-21.586572647094727"
"844","-26.885475158691406","-26.885475158691406","-26.885475158691406"
"845","-13.322027206420898","-13.322027206420898","-13.322027206420898"
"846","-19.599332809448242","-19.599332809448242","-19.599332809448242"
"847","-15.429139137268066","-15.429139137268066","-15.429139137268066"
"848","-29.594274520874023","-29.594274520874023","-29.594274520874023"
"849","-15.791184425354004","-15.791184425354004","-15.791184425354004"
"850","-28.243579864501953","-28.243579864501953","-28.243579864501953"
"851","-24.850662231445312","-24.850662231445312","-24.850662231445312"
"852","-29.7021427154541","-29.7021427154541","-29.7021427154541"
"853","-17.61490821838379","-17.61490821838379","-17.61490821838379"
"854","-19.371458053588867","-19.371458053588867","-19.371458053588867"
"855","-15.471029281616211","-15.471029281616211","-15.471029281616211"
"856","-25.7812442779541","-25.7812442779541","-25.7812442779541"
"857","-21.606956481933594","-21.606956481933594","-21.606956481933594"
"858","-17.898649215698242","-17.898649215698242","-17.898649215698242"
"859","-18.806306838989258","-18.806306838989258","-18.806306838989258"
"860","-17.599945068359375","-17.599945068359375","-17.599945068359375"
"861","-20.363725662231445","-20.363725662231445","-20.363725662231445"
"862","-19.08818244934082","-19.08818244934082","-19.08818244934082"
"863","-22.07996940612793","-22.07996940612793","-22.07996940612793"
"864","-15.983386039733887","-15.983386039733887","-15.983386039733887"
"865","-17.194175720214844","-17.194175720214844","-17.194175720214844"
"866","-26.481361389160156","-26.481361389160156","-26.481361389160156"
"867","-19.767776489257812","-19.767776489257812","-19.767776489257812"
"868","-8.629903793334961","-8.629903793334961","-8.629903793334961"
"869","-20.733901977539062","-20.733901977539062","-20.733901977539062"
"870","-21.817646026611328","-21.817646026611328","-21.817646026611328"
"871","-27.194137573242188","-27.194137573242188","-27.194137573242188"
"872","-23.588502883911133","-23.588502883911133","-23.588502883911133"
"873","-21.01340675354004","-21.01340675354004","-21.01340675354004"
"874","-20.430706024169922","-20.430706024169922","-20.430706024169922"
"875","-27.600208282470703","-27.600208282470703","-27.600208282470703"
"876","-32.52162170410156","-32.52162170410156","-32.52162170410156"
"877","-18.80095672607422","-18.80095672607422","-18.80095672607422"
"878","-13.867168426513672","-13.867168426513672","-13.867168426513672"
"879","-33.27338409423828","-33.27338409423828","-33.27338409423828"
"880","-26.37464714050293","-26.37464714050293","-26.37464714050293"
"881","-19.492904663085938","-19.492904663085938","-19.492904663085938"
"882","-28.28227996826172","-28.28227996826172","-28.28227996826172"
"883","-28.17947769165039","-28.17947769165039","-28.17947769165039"
"884","-31.956275939941406","-31.956275939941406","-31.956275939941406"
"885","-17.558555603027344","-17.558555603027344","-17.558555603027344"
"886","-25.109493255615234","-25.109493255615234","-25.109493255615234"
"887","-21.948726654052734","-21.948726654052734","-21.948726654052734"
"888","-16.145790100097656","-16.145790100097656","-16.145790100097656"
"889","-19.239646911621094","-19.239646911621094","-19.239646911621094"
"890","-33.45154571533203","-33.45154571533203","-33.45154571533203"
"891","-13.238540649414062","-13.238540649414062","-13.238540649414062"
"892","-34.6675910949707","-34.6675910949707","-34.6675910949707"
"893","-33.77366638183594","-33.77366638183594","-33.77366638183594"
"894","-28.128820419311523","-28.128820419311523","-28.128820419311523"
"895","-31.242586135864258","-31.242586135864258","-31.242586135864258"
"896","-22.68524169921875","-22.68524169921875","-22.68524169921875"
"897","-23.735124588012695","-23.735124588012695","-23.735124588012695"
"898","-24.119260787963867","-24.119260787963867","-24.119260787963867"
"899","-32.76618194580078","-32.76618194580078","-32.76618194580078"
"900","-11.519235610961914","-11.519235610961914","-11.519235610961914"
"901","-21.552654266357422","-21.552654266357422","-21.552654266357422"
"902","-22.666175842285156","-22.666175842285156","-22.666175842285156"
"903","-21.91796875","-21.91796875","-21.91796875"
"904","-29.77654457092285","-29.77654457092285","-29.77654457092285"
"905","-31.381641387939453","-31.381641387939453","-31.381641387939453"
"906","-30.98753547668457","-30.98753547668457","-30.98753547668457"
"907","-16.010520935058594","-16.010520935058594","-16.010520935058594"
"908","-18.469011306762695","-18.469011306762695","-18.469011306762695"
"909","-24.862464904785156","-24.862464904785156","-24.862464904785156"
"910","-31.96117401123047","-31.96117401123047","-31.96117401123047"
"911","-26.092498779296875","-26.092498779296875","-26.092498779296875"
"912","-26.32126235961914","-26.32126235961914","-26.32126235961914"
"913","-30.847640991210938","-30.847640991210938","-30.847640991210938"
"914","-11.585502624511719","-11.585502624511719","-11.585502624511719"
"915","-19.489303588867188","-19.489303588867188","-19.489303588867188"
"916","-29.229293823242188","-29.229293823242188","-29.229293823242188"
"917","-31.14019012451172","-31.14019012451172","-31.14019012451172"
"918","-27.200624465942383","-27.200624465942383","-27.200624465942383"
"919","-23.150754928588867","-23.150754928588867","-23.150754928588867"
"920","-19.529216766357422","-19.529216766357422","-19.529216766357422"
"921","-30.066740036010742","-30.066740036010742","-30.066740036010742"
"922","-24.94235610961914","-24.94235610961914","-24.94235610961914"
"923","-17.584543228149414","-17.584543228149414","-17.584543228149414"
"924","-15.248462677001953","-15.248462677001953","-15.248462677001953"
"925","-24.75468635559082","-24.75468635559082","-24.75468635559082"
"926","-21.65195083618164","-21.65195083618164","-21.65195083618164"
"927","-24.434795379638672","-24.434795379638672","-24.434795379638672"
"928","-26.776790618896484","-26.776790618896484","-26.776790618896484"
"929","-30.219873428344727","-30.219873428344727","-30.219873428344727"
"930","-37.189552307128906","-37.189552307128906","-37.189552307128906"
"931","-22.69139862060547","-22.69139862060547","-22.69139862060547"
"932","-17.423744201660156","-17.423744201660156","-17.423744201660156"
"933","-16.463918685913086","-16.463918685913086","-16.463918685913086"
"934","-29.697059631347656","-29.697059631347656","-29.697059631347656"
"935","-20.658557891845703","-20.658557891845703","-20.658557891845703"
"936","-19.765050888061523","-19.765050888061523","-19.765050888061523"
"937","-29.29171371459961","-29.29171371459961","-29.29171371459961"
"938","-24.768970489501953","-24.768970489501953","-24.768970489501953"
"939","-17.197811126708984","-17.197811126708984","-17.197811126708984"
"940","-22.943252563476562","-22.943252563476562","-22.943252563476562"
"941","-18.57332992553711","-18.57332992553711","-18.57332992553711"
"942","-27.078805923461914","-27.078805923461914","-27.078805923461914"
"943","-16.62869644165039","-16.62869644165039","-16.62869644165039"
"944","-21.910411834716797","-21.910411834716797","-21.910411834716797"
"945","-28.130870819091797","-28.130870819091797","-28.130870819091797"
"946","-27.884048461914062","-27.884048461914062","-27.884048461914062"
"947","-29.830299377441406","-29.830299377441406","-29.830299377441406"
"948","-22.5589599609375","-22.5589599609375","-22.5589599609375"
"949","-24.879169464111328","-24.879169464111328","-24.879169464111328"
"950","-28.070484161376953","-28.070484161376953","-28.070484161376953"
"951","-33.74380111694336","-33.74380111694336","-33.74380111694336"
"952","-20.519716262817383","-20.519716262817383","-20.519716262817383"
"953","-35.84602355957031","-35.84602355957031","-35.84602355957031"
"954","-23.706584930419922","-23.706584930419922","-23.706584930419922"
"955","-25.933364868164062","-25.933364868164062","-25.933364868164062"
"956","-12.766949653625488","-12.766949653625488","-12.766949653625488"
"957","-14.43664836883545","-14.43664836883545","-14.43664836883545"
"958","-23.438512802124023","-23.438512802124023","-23.438512802124023"
"959","-14.278839111328125","-14.278839111328125","-14.278839111328125"
"960","-17.95699119567871","-17.95699119567871","-17.95699119567871"
"961","-25.755352020263672","-25.755352020263672","-25.755352020263672"
"962","-20.45840835571289","-20.45840835571289","-20.45840835571289"
"963","-18.489479064941406","-18.489479064941406","-18.489479064941406"
"964","-24.52570343017578","-24.52570343017578","-24.52570343017578"
"965","-14.105627059936523","-14.105627059936523","-14.105627059936523"
"966","-28.730670928955078","-28.730670928955078","-28.730670928955078"
"967","-27.612783432006836","-27.612783432006836","-27.612783432006836"
"968","-12.219375610351562","-12.219375610351562","-12.219375610351562"
"969","-24.99047088623047","-24.99047088623047","-24.99047088623047"
"970","-28.27880096435547","-28.27880096435547","-28.27880096435547"
"971","-8.622011184692383","-8.622011184692383","-8.622011184692383"
"972","-22.404991149902344","-22.404991149902344","-22.404991149902344"
"973","-31.993627548217773","-31.993627548217773","-31.993627548217773"
"974","-26.596942901611328","-26.596942901611328","-26.596942901611328"
"975","-6.4629292488098145","-6.4629292488098145","-6.4629292488098145"
"976","-23.885051727294922","-23.885051727294922","-23.885051727294922"
"977","-19.54083824157715","-19.54083824157715","-19.54083824157715"
"978","-21.019615173339844","-21.019615173339844","-21.019615173339844"
"979","-22.523099899291992","-22.523099899291992","-22.523099899291992"
"980","-25.85611343383789","-25.85611343383789","-25.85611343383789"
"981","-38.52582550048828","-38.52582550048828","-38.52582550048828"
"982","-22.22946548461914","-22.22946548461914","-22.22946548461914"
"983","-22.550514221191406","-22.550514221191406","-22.550514221191406"
"984","-38.05040740966797","-38.05040740966797","-38.05040740966797"
"985","-24.21131134033203","-24.21131134033203","-24.21131134033203"
"986","-30.003292083740234","-30.003292083740234","-30.003292083740234"
"987","-25.36908721923828","-25.36908721923828","-25.36908721923828"
"988","-27.922290802001953","-27.922290802001953","-27.922290802001953"
"989","-24.281753540039062","-24.281753540039062","-24.281753540039062"
"990","-14.972087860107422","-14.972087860107422","-14.972087860107422"
"991","-21.87141990661621","-21.87141990661621","-21.87141990661621"
"992","-15.588375091552734","-15.588375091552734","-15.588375091552734"
"993","-18.820552825927734","-18.820552825927734","-18.820552825927734"
"994","-15.119644165039062","-15.119644165039062","-15.119644165039062"
"995","-19.568172454833984","-19.568172454833984","-19.568172454833984"
"996","-16.19647216796875","-16.19647216796875","-16.19647216796875"
"997","-28.94133758544922","-28.94133758544922","-28.94133758544922"
"998","-17.721708297729492","-17.721708297729492","-17.721708297729492"
"999","-25.865205764770508","-25.865205764770508","-25.865205764770508"
"1000","-21.365074157714844","-21.365074157714844","-21.365074157714844"
"1001","-13.381393432617188","-13.381393432617188","-13.381393432617188"
"1002","-15.390103340148926","-15.390103340148926","-15.390103340148926"
"1003","-23.284868240356445","-23.284868240356445","-23.284868240356445"
"1005","0","0","0"
"1006","0.0013362634927034378","0.0013362634927034378","0.0013362634927034378"
"1007","0.010960958898067474","0.010960958898067474","0.010960958898067474"
"1008","-0.026336312294006348","-0.026336312294006348","-0.026336312294006348"
"1009","-0.05240054056048393","-0.05240054056048393","-0.05240054056048393"
"1010","-0.06970079243183136","-0.06970079243183136","-0.06970079243183136"
"1011","-0.040206924080848694","-0.040206924080848694","-0.040206924080848694"
"1012","-0.07101456820964813","-0.07101456820964813","-0.07101456820964813"
"1013","-0.09589032828807831","-0.09589032828807831","-0.09589032828807831"
"1014","-0.09446213394403458","-0.09446213394403458","-0.09446213394403458"
"1015","-0.01359565369784832","-0.01359565369784832","-0.01359565369784832"
"1016","-0.0014262571930885315","-0.0014262571930885315","-0.0014262571930885315"
"1017","0.11696839332580566","0.11696839332580566","0.11696839332580566"
"1018","-0.08793330937623978","-0.08793330937623978","-0.08793330937623978"
"1019","0.06301438808441162","0.06301438808441162","0.06301438808441162"
"1020","-0.01150820218026638","-0.01150820218026638","-0.01150820218026638"
"1021","0.09124606847763062","0.09124606847763062","0.09124606847763062"
"1022","-0.1346627026796341","-0.1346627026796341","-0.1346627026796341"
"1023","-0.02442726492881775","-0.02442726492881775","-0.02442726492881775"
"1024","-0.051461465656757355","-0.051461465656757355","-0.051461465656757355"
"1025","-0.014736270532011986","-0.014736270532011986","-0.014736270532011986"
"1026","0.03777304291725159","0.03777304291725159","0.03777304291725159"
"1027","0.01688634231686592","0.01688634231686592","0.01688634231686592"
"1028","0.05777107924222946","0.05777107924222946","0.05777107924222946"
"1029","0.0010442882776260376","0.0010442882776260376","0.0010442882776260376"
"1030","0.0538526214659214","0.0538526214659214","0.0538526214659214"
"1031","0.034823231399059296","0.034823231399059296","0.034823231399059296"
"1032","0.03335604816675186","0.03335604816675186","0.03335604816675186"
"1033","-0.05706436187028885","-0.05706436187028885","-0.05706436187028885"
"1034","-0.04371506720781326","-0.04371506720781326","-0.04371506720781326"
"1035","-0.13810235261917114","-0.13810235261917114","-0.13810235261917114"
"1036","0.0019057318568229675","0.0019057318568229675","0.0019057318568229675"
"1037","-0.13337719440460205","-0.13337719440460205","-0.13337719440460205"
"1038","-0.061213910579681396","-0.061213910579681396","-0.061213910579681396"
"1039","-0.18553432822227478","-0.18553432822227478","-0.18553432822227478"
"1040","0.05067968741059303","0.05067968741059303","0.05067968741059303"
"1041","-0.1475616693496704","-0.1475616693496704","-0.1475616693496704"
"1042","0.1941055953502655","0.1941055953502655","0.1941055953502655"
"1043","-0.027574783191084862","-0.027574783191084862","-0.027574783191084862"
"1044","-0.09518997371196747","-0.09518997371196747","-0.09518997371196747"
"1045","-0.18531093001365662","-0.18531093001365662","-0.18531093001365662"
"1046","0.27292025089263916","0.27292025089263916","0.27292025089263916"
"1047","0.3267354965209961","0.3267354965209961","0.3267354965209961"
"1048","0.11928696185350418","0.11928696185350418","0.11928696185350418"
"1049","0.042733658105134964","0.042733658105134964","0.042733658105134964"
"1050","0.1024126410484314","0.1024126410484314","0.1024126410484314"
"1051","0.07107469439506531","0.07107469439506531","0.07107469439506531"
"1052","-0.1048695296049118","-0.1048695296049118","-0.1048695296049118"
"1053","0.38638606667518616","0.38638606667518616","0.38638606667518616"
"1054","0.2461460381746292","0.2461460381746292","0.2461460381746292"
"1055","0.28533831238746643","0.28533831238746643","0.28533831238746643"
"1056","0.1150011271238327","0.1150011271238327","0.1150011271238327"
"1057","0.3531794250011444","0.3531794250011444","0.3531794250011444"
"1058","0.2072942852973938","0.2072942852973938","0.2072942852973938"
"1059","0.18627993762493134","0.18627993762493134","0.18627993762493134"
"1060","0.26913926005363464","0.26913926005363464","0.26913926005363464"
"1061","0.3678622245788574","0.3678622245788574","0.3678622245788574"
"1062","-0.010126899927854538","-0.010126899927854538","-0.010126899927854538"
"1063","0.3928738832473755","0.3928738832473755","0.3928738832473755"
"1064","0.2664940059185028","0.2664940059185028","0.2664940059185028"
"1065","0.18483099341392517","0.18483099341392517","0.18483099341392517"
"1066","0.27938607335090637","0.27938607335090637","0.27938607335090637"
"1067","0.3800266981124878","0.3800266981124878","0.3800266981124878"
"1068","-0.020998995751142502","-0.020998995751142502","-0.020998995751142502"
"1069","0.31551167368888855","0.31551167368888855","0.31551167368888855"
"1070","0.08072306215763092","0.08072306215763092","0.08072306215763092"
"1071","0.40145716071128845","0.40145716071128845","0.40145716071128845"
"1072","0.30318009853363037","0.30318009853363037","0.30318009853363037"
"1073","0.23785531520843506","0.23785531520843506","0.23785531520843506"
"1074","0.2621324360370636","0.2621324360370636","0.2621324360370636"
"1075","0.3337119519710541","0.3337119519710541","0.3337119519710541"
"1076","0.29276198148727417","0.29276198148727417","0.29276198148727417"
"1077","0.27209237217903137","0.27209237217903137","0.27209237217903137"
"1078","0.5857552289962769","0.5857552289962769","0.5857552289962769"
"1079","0.457930326461792","0.457930326461792","0.457930326461792"
"1080","0.21225854754447937","0.21225854754447937","0.21225854754447937"
"1081","0.3906317949295044","0.3906317949295044","0.3906317949295044"
"1082","0.36109858751296997","0.36109858751296997","0.36109858751296997"
"1083","-0.06863940507173538","-0.06863940507173538","-0.06863940507173538"
"1084","0.27289658784866333","0.27289658784866333","0.27289658784866333"
"1085","0.49220746755599976","0.49220746755599976","0.49220746755599976"
"1086","-0.10002459585666656","-0.10002459585666656","-0.10002459585666656"
"1087","0.3541463315486908","0.3541463315486908","0.3541463315486908"
"1088","0.31583914160728455","0.31583914160728455","0.31583914160728455"
"1089","0.34624841809272766","0.34624841809272766","0.34624841809272766"
"1090","0.43547219038009644","0.43547219038009644","0.43547219038009644"
"1091","0.3972539007663727","0.3972539007663727","0.3972539007663727"
"1092","0.33142614364624023","0.33142614364624023","0.33142614364624023"
"1093","0.057605866342782974","0.057605866342782974","0.057605866342782974"
"1094","0.1659657061100006","0.1659657061100006","0.1659657061100006"
"1095","0.22894126176834106","0.22894126176834106","0.22894126176834106"
"1096","0.32724079489707947","0.32724079489707947","0.32724079489707947"
"1097","0.3908000588417053","0.3908000588417053","0.3908000588417053"
"1098","0.24516306817531586","0.24516306817531586","0.24516306817531586"
"1099","0.45919159054756165","0.45919159054756165","0.45919159054756165"
"1100","0.19181621074676514","0.19181621074676514","0.19181621074676514"
"1101","0.2469986230134964","0.2469986230134964","0.2469986230134964"
"1102","-0.012152627110481262","-0.012152627110481262","-0.012152627110481262"
"1103","0.486559122800827","0.486559122800827","0.486559122800827"
"1104","0.09299911558628082","0.09299911558628082","0.09299911558628082"
"1105","0.1600186675786972","0.1600186675786972","0.1600186675786972"
"1106","0.41511231660842896","0.41511231660842896","0.41511231660842896"
"1107","0.02039065957069397","0.02039065957069397","0.02039065957069397"
"1108","-0.05371633917093277","-0.05371633917093277","-0.05371633917093277"
"1109","0.2599678635597229","0.2599678635597229","0.2599678635597229"
"1110","0.2669651508331299","0.2669651508331299","0.2669651508331299"
"1111","0.41861599683761597","0.41861599683761597","0.41861599683761597"
"1112","0.1892203390598297","0.1892203390598297","0.1892203390598297"
"1113","0.21338839828968048","0.21338839828968048","0.21338839828968048"
"1114","0.23913609981536865","0.23913609981536865","0.23913609981536865"
"1115","0.43695303797721863","0.43695303797721863","0.43695303797721863"
"1116","0.2127496898174286","0.2127496898174286","0.2127496898174286"
"1117","0.3174317181110382","0.3174317181110382","0.3174317181110382"
"1118","0.4358425736427307","0.4358425736427307","0.4358425736427307"
"1119","0.24108271300792694","0.24108271300792694","0.24108271300792694"
"1120","0.1586635857820511","0.1586635857820511","0.1586635857820511"
"1121","0.3040316104888916","0.3040316104888916","0.3040316104888916"
"1122","0.26406827569007874","0.26406827569007874","0.26406827569007874"
"1123","0.3581715226173401","0.3581715226173401","0.3581715226173401"
"1124","0.29491758346557617","0.29491758346557617","0.29491758346557617"
"1125","0.5034385919570923","0.5034385919570923","0.5034385919570923"
"1126","0.20328298211097717","0.20328298211097717","0.20328298211097717"
"1127","0.29390430450439453","0.29390430450439453","0.29390430450439453"
"1128","0.09485780447721481","0.09485780447721481","0.09485780447721481"
"1129","0.1552821546792984","0.1552821546792984","0.1552821546792984"
"1130","0.1704968512058258","0.1704968512058258","0.1704968512058258"
"1131","0.18536442518234253","0.18536442518234253","0.18536442518234253"
"1132","0.19512629508972168","0.19512629508972168","0.19512629508972168"
"1133","0.34790506958961487","0.34790506958961487","0.34790506958961487"
"1134","0.3862118721008301","0.3862118721008301","0.3862118721008301"
"1135","0.08415497839450836","0.08415497839450836","0.08415497839450836"
"1136","0.04422789812088013","0.04422789812088013","0.04422789812088013"
"1137","0.31124362349510193","0.31124362349510193","0.31124362349510193"
"1138","0.22264276444911957","0.22264276444911957","0.22264276444911957"
"1139","-0.009134594351053238","-0.009134594351053238","-0.009134594351053238"
"1140","0.11321311444044113","0.11321311444044113","0.11321311444044113"
"1141","0.39873626828193665","0.39873626828193665","0.39873626828193665"
"1142","0.3129212260246277","0.3129212260246277","0.3129212260246277"
"1143","0.20594045519828796","0.20594045519828796","0.20594045519828796"
"1144","0.2937736213207245","0.2937736213207245","0.2937736213207245"
"1145","0.2956095039844513","0.2956095039844513","0.2956095039844513"
"1146","0.0449129194021225","0.0449129194021225","0.0449129194021225"
"1147","0.3607805073261261","0.3607805073261261","0.3607805073261261"
"1148","0.3276404142379761","0.3276404142379761","0.3276404142379761"
"1149","-0.024038851261138916","-0.024038851261138916","-0.024038851261138916"
"1150","0.300743043422699","0.300743043422699","0.300743043422699"
"1151","0.05206393450498581","0.05206393450498581","0.05206393450498581"
"1152","0.30364835262298584","0.30364835262298584","0.30364835262298584"
"1153","0.18572115898132324","0.18572115898132324","0.18572115898132324"
"1154","-0.02430253103375435","-0.02430253103375435","-0.02430253103375435"
"1155","0.15067191421985626","0.15067191421985626","0.15067191421985626"
"1156","0.12709543108940125","0.12709543108940125","0.12709543108940125"
"1157","0.3683398365974426","0.3683398365974426","0.3683398365974426"
"1158","0.22336581349372864","0.22336581349372864","0.22336581349372864"
"1159","0.33227813243865967","0.33227813243865967","0.33227813243865967"
"1160","0.40832969546318054","0.40832969546318054","0.40832969546318054"
"1161","0.34723928570747375","0.34723928570747375","0.34723928570747375"
"1162","0.26591140031814575","0.26591140031814575","0.26591140031814575"
"1163","0.26079773902893066","0.26079773902893066","0.26079773902893066"
"1164","0.3722233474254608","0.3722233474254608","0.3722233474254608"
"1165","0.10873907804489136","0.10873907804489136","0.10873907804489136"
"1166","0.3560292720794678","0.3560292720794678","0.3560292720794678"
"1167","0.3979887068271637","0.3979887068271637","0.3979887068271637"
"1168","0.4295017123222351","0.4295017123222351","0.4295017123222351"
"1169","0.44023749232292175","0.44023749232292175","0.44023749232292175"
"1170","0.3996129035949707","0.3996129035949707","0.3996129035949707"
"1171","0.34385308623313904","0.34385308623313904","0.34385308623313904"
"1172","0.14424994587898254","0.14424994587898254","0.14424994587898254"
"1173","0.307939350605011","0.307939350605011","0.307939350605011"
"1174","0.1233898252248764","0.1233898252248764","0.1233898252248764"
"1175","0.2911587357521057","0.2911587357521057","0.2911587357521057"
"1176","0.2812352776527405","0.2812352776527405","0.2812352776527405"
"1177","0.3498331308364868","0.3498331308364868","0.3498331308364868"
"1178","0.36325424909591675","0.36325424909591675","0.36325424909591675"
"1179","0.2532433867454529","0.2532433867454529","0.2532433867454529"
"1180","0.20080071687698364","0.20080071687698364","0.20080071687698364"
"1181","0.36319059133529663","0.36319059133529663","0.36319059133529663"
"1182","0.35714566707611084","0.35714566707611084","0.35714566707611084"
"1183","0.3835161328315735","0.3835161328315735","0.3835161328315735"
"1184","0.45338284969329834","0.45338284969329834","0.45338284969329834"
"1185","0.2964666485786438","0.2964666485786438","0.2964666485786438"
"1186","0.12087178230285645","0.12087178230285645","0.12087178230285645"
"1187","0.3115731179714203","0.3115731179714203","0.3115731179714203"
"1188","0.18010622262954712","0.18010622262954712","0.18010622262954712"
"1189","0.21319757401943207","0.21319757401943207","0.21319757401943207"
"1190","0.35522258281707764","0.35522258281707764","0.35522258281707764"
"1191","0.2560862600803375","0.2560862600803375","0.2560862600803375"
"1192","0.20274125039577484","0.20274125039577484","0.20274125039577484"
"1193","0.09961756318807602","0.09961756318807602","0.09961756318807602"
"1194","0.1682814359664917","0.1682814359664917","0.1682814359664917"
"1195","0.2726699411869049","0.2726699411869049","0.2726699411869049"
"1196","0.05257372930645943","0.05257372930645943","0.05257372930645943"
"1197","0.25487205386161804","0.25487205386161804","0.25487205386161804"
"1198","0.5128848552703857","0.5128848552703857","0.5128848552703857"
"1199","0.5796612501144409","0.5796612501144409","0.5796612501144409"
"1200","0.43271031975746155","0.43271031975746155","0.43271031975746155"
"1201","0.39318376779556274","0.39318376779556274","0.39318376779556274"
"1202","0.22271311283111572","0.22271311283111572","0.22271311283111572"
"1203","0.3125721216201782","0.3125721216201782","0.3125721216201782"
"1204","0.3133086860179901","0.3133086860179901","0.3133086860179901"
"1206","0","0","0"
"1207","-0.0012825727462768555","-0.0012825727462768555","-0.0012825727462768555"
"1208","-0.0039043910801410675","-0.0039043910801410675","-0.0039043910801410675"
"1209","-0.043931037187576294","-0.043931037187576294","-0.043931037187576294"
"1210","-0.10653086751699448","-0.10653086751699448","-0.10653086751699448"
"1211","-0.1439264416694641","-0.1439264416694641","-0.1439264416694641"
"1212","-0.16433274745941162","-0.16433274745941162","-0.16433274745941162"
"1213","-0.145999014377594","-0.145999014377594","-0.145999014377594"
"1214","-0.1438174843788147","-0.1438174843788147","-0.1438174843788147"
"1215","-0.2898475229740143","-0.2898475229740143","-0.2898475229740143"
"1216","-0.4079734683036804","-0.4079734683036804","-0.4079734683036804"
"1217","-0.3616749346256256","-0.3616749346256256","-0.3616749346256256"
"1218","-0.3558669090270996","-0.3558669090270996","-0.3558669090270996"
"1219","-0.45054447650909424","-0.45054447650909424","-0.45054447650909424"
"1220","-0.43745988607406616","-0.43745988607406616","-0.43745988607406616"
"1221","-0.5685923099517822","-0.5685923099517822","-0.5685923099517822"
"1222","-0.44196733832359314","-0.44196733832359314","-0.44196733832359314"
"1223","-0.9471988677978516","-0.9471988677978516","-0.9471988677978516"
"1224","-0.9245408773422241","-0.9245408773422241","-0.9245408773422241"
"1225","-0.9374480247497559","-0.9374480247497559","-0.9374480247497559"
"1226","-1.0621601343154907","-1.0621601343154907","-1.0621601343154907"
"1227","-1.0285873413085938","-1.0285873413085938","-1.0285873413085938"
"1228","-0.8350253701210022","-0.8350253701210022","-0.8350253701210022"
"1229","-1.0578670501708984","-1.0578670501708984","-1.0578670501708984"
"1230","-1.0380167961120605","-1.0380167961120605","-1.0380167961120605"
"1231","-1.0222903490066528","-1.0222903490066528","-1.0222903490066528"
"1232","-1.1348686218261719","-1.1348686218261719","-1.1348686218261719"
"1233","-1.3899372816085815","-1.3899372816085815","-1.3899372816085815"
"1234","-1.5552691221237183","-1.5552691221237183","-1.5552691221237183"
"1235","-1.167109727859497","-1.167109727859497","-1.167109727859497"
"1236","-1.4802501201629639","-1.4802501201629639","-1.4802501201629639"
"1237","-1.093738079071045","-1.093738079071045","-1.093738079071045"
"1238","-1.3448364734649658","-1.3448364734649658","-1.3448364734649658"
"1239","-1.6507434844970703","-1.6507434844970703","-1.6507434844970703"
"1240","-1.5041977167129517","-1.5041977167129517","-1.5041977167129517"
"1241","-1.8935108184814453","-1.8935108184814453","-1.8935108184814453"
"1242","-1.3811272382736206","-1.3811272382736206","-1.3811272382736206"
"1243","-1.6147867441177368","-1.6147867441177368","-1.6147867441177368"
"1244","-1.3505882024765015","-1.3505882024765015","-1.3505882024765015"
"1245","-1.4672529697418213","-1.4672529697418213","-1.4672529697418213"
"1246","-1.6485766172409058","-1.6485766172409058","-1.6485766172409058"
"1247","-1.4411054849624634","-1.4411054849624634","-1.4411054849624634"
"1248","-1.9934072494506836","-1.9934072494506836","-1.9934072494506836"
"1249","-1.213612675666809","-1.213612675666809","-1.213612675666809"
"1250","-1.6667113304138184","-1.6667113304138184","-1.6667113304138184"
"1251","-1.2028744220733643","-1.2028744220733643","-1.2028744220733643"
"1252","-2.029850482940674","-2.029850482940674","-2.029850482940674"
"1253","-1.3689980506896973","-1.3689980506896973","-1.3689980506896973"
"1254","-2.0754246711730957","-2.0754246711730957","-2.0754246711730957"
"1255","-1.272234559059143","-1.272234559059143","-1.272234559059143"
"1256","-1.4694932699203491","-1.4694932699203491","-1.4694932699203491"
"1257","-1.0650544166564941","-1.0650544166564941","-1.0650544166564941"
"1258","-1.2908567190170288","-1.2908567190170288","-1.2908567190170288"
"1259","-1.3762309551239014","-1.3762309551239014","-1.3762309551239014"
"1260","-1.1833951473236084","-1.1833951473236084","-1.1833951473236084"
"1261","-1.1426061391830444","-1.1426061391830444","-1.1426061391830444"
"1262","-1.3041306734085083","-1.3041306734085083","-1.3041306734085083"
"1263","-1.3295092582702637","-1.3295092582702637","-1.3295092582702637"
"1264","-1.1484321355819702","-1.1484321355819702","-1.1484321355819702"
"1265","-1.4031662940979004","-1.4031662940979004","-1.4031662940979004"
"1266","-1.1726830005645752","-1.1726830005645752","-1.1726830005645752"
"1267","-0.9313199520111084","-0.9313199520111084","-0.9313199520111084"
"1268","-1.8407750129699707","-1.8407750129699707","-1.8407750129699707"
"1269","-1.3028430938720703","-1.3028430938720703","-1.3028430938720703"
"1270","-0.8009351491928101","-0.8009351491928101","-0.8009351491928101"
"1271","-1.2450370788574219","-1.2450370788574219","-1.2450370788574219"
"1272","-1.3146328926086426","-1.3146328926086426","-1.3146328926086426"
"1273","-1.221057653427124","-1.221057653427124","-1.221057653427124"
"1274","-1.3574459552764893","-1.3574459552764893","-1.3574459552764893"
"1275","-1.591157078742981","-1.591157078742981","-1.591157078742981"
"1276","-1.1600550413131714","-1.1600550413131714","-1.1600550413131714"
"1277","-1.1001217365264893","-1.1001217365264893","-1.1001217365264893"
"1278","-1.7273869514465332","-1.7273869514465332","-1.7273869514465332"
"1279","-1.4117906093597412","-1.4117906093597412","-1.4117906093597412"
"1280","-0.6840092539787292","-0.6840092539787292","-0.6840092539787292"
"1281","-1.450968861579895","-1.450968861579895","-1.450968861579895"
"1282","-1.2190046310424805","-1.2190046310424805","-1.2190046310424805"
"1283","-1.4085583686828613","-1.4085583686828613","-1.4085583686828613"
"1284","-1.7482291460037231","-1.7482291460037231","-1.7482291460037231"
"1285","-1.5133891105651855","-1.5133891105651855","-1.5133891105651855"
"1286","-1.3860113620758057","-1.3860113620758057","-1.3860113620758057"
"1287","-1.1708858013153076","-1.1708858013153076","-1.1708858013153076"
"1288","-1.410605788230896","-1.410605788230896","-1.410605788230896"
"1289","-1.35359787940979","-1.35359787940979","-1.35359787940979"
"1290","-1.3408516645431519","-1.3408516645431519","-1.3408516645431519"
"1291","-1.353276252746582","-1.353276252746582","-1.353276252746582"
"1292","-2.0650336742401123","-2.0650336742401123","-2.0650336742401123"
"1293","-1.1241388320922852","-1.1241388320922852","-1.1241388320922852"
"1294","-1.6285080909729004","-1.6285080909729004","-1.6285080909729004"
"1295","-1.6978734731674194","-1.6978734731674194","-1.6978734731674194"
"1296","-1.212621808052063","-1.212621808052063","-1.212621808052063"
"1297","-1.4958312511444092","-1.4958312511444092","-1.4958312511444092"
"1298","-1.1702048778533936","-1.1702048778533936","-1.1702048778533936"
"1299","-1.1066219806671143","-1.1066219806671143","-1.1066219806671143"
"1300","-1.4845689535140991","-1.4845689535140991","-1.4845689535140991"
"1301","-1.8440406322479248","-1.8440406322479248","-1.8440406322479248"
"1302","-1.0310792922973633","-1.0310792922973633","-1.0310792922973633"
"1303","-1.5412867069244385","-1.5412867069244385","-1.5412867069244385"
"1304","-1.4740556478500366","-1.4740556478500366","-1.4740556478500366"
"1305","-1.4007325172424316","-1.4007325172424316","-1.4007325172424316"
"1306","-1.548189640045166","-1.548189640045166","-1.548189640045166"
"1307","-1.620534896850586","-1.620534896850586","-1.620534896850586"
"1308","-1.4399378299713135","-1.4399378299713135","-1.4399378299713135"
"1309","-0.9970501661300659","-0.9970501661300659","-0.9970501661300659"
"1310","-1.2252559661865234","-1.2252559661865234","-1.2252559661865234"
"1311","-1.3836309909820557","-1.3836309909820557","-1.3836309909820557"
"1312","-1.797789216041565","-1.797789216041565","-1.797789216041565"
"1313","-1.6891062259674072","-1.6891062259674072","-1.6891062259674072"
"1314","-1.4015207290649414","-1.4015207290649414","-1.4015207290649414"
"1315","-1.63720703125","-1.63720703125","-1.63720703125"
"1316","-1.0968718528747559","-1.0968718528747559","-1.0968718528747559"
"1317","-1.2472484111785889","-1.2472484111785889","-1.2472484111785889"
"1318","-1.576155424118042","-1.576155424118042","-1.576155424118042"
"1319","-1.6698509454727173","-1.6698509454727173","-1.6698509454727173"
"1320","-1.542841911315918","-1.542841911315918","-1.542841911315918"
"1321","-1.36549973487854","-1.36549973487854","-1.36549973487854"
"1322","-1.1054439544677734","-1.1054439544677734","-1.1054439544677734"
"1323","-1.6235630512237549","-1.6235630512237549","-1.6235630512237549"
"1324","-1.5117061138153076","-1.5117061138153076","-1.5117061138153076"
"1325","-1.2252036333084106","-1.2252036333084106","-1.2252036333084106"
"1326","-1.145194172859192","-1.145194172859192","-1.145194172859192"
"1327","-1.240235447883606","-1.240235447883606","-1.240235447883606"
"1328","-1.042149305343628","-1.042149305343628","-1.042149305343628"
"1329","-1.406567931175232","-1.406567931175232","-1.406567931175232"
"1330","-1.5170124769210815","-1.5170124769210815","-1.5170124769210815"
"1331","-1.4375139474868774","-1.4375139474868774","-1.4375139474868774"
"1332","-1.7763328552246094","-1.7763328552246094","-1.7763328552246094"
"1333","-1.2442779541015625","-1.2442779541015625","-1.2442779541015625"
"1334","-1.1733399629592896","-1.1733399629592896","-1.1733399629592896"
"1335","-0.9416514039039612","-0.9416514039039612","-0.9416514039039612"
"1336","-1.3748290538787842","-1.3748290538787842","-1.3748290538787842"
"1337","-1.0466365814208984","-1.0466365814208984","-1.0466365814208984"
"1338","-1.5358158349990845","-1.5358158349990845","-1.5358158349990845"
"1339","-1.5287628173828125","-1.5287628173828125","-1.5287628173828125"
"1340","-1.2970647811889648","-1.2970647811889648","-1.2970647811889648"
"1341","-1.2820439338684082","-1.2820439338684082","-1.2820439338684082"
"1342","-1.2229081392288208","-1.2229081392288208","-1.2229081392288208"
"1343","-1.3433476686477661","-1.3433476686477661","-1.3433476686477661"
"1344","-1.9489879608154297","-1.9489879608154297","-1.9489879608154297"
"1345","-1.3615386486053467","-1.3615386486053467","-1.3615386486053467"
"1346","-1.2968263626098633","-1.2968263626098633","-1.2968263626098633"
"1347","-1.5937695503234863","-1.5937695503234863","-1.5937695503234863"
"1348","-1.153559684753418","-1.153559684753418","-1.153559684753418"
"1349","-1.4585089683532715","-1.4585089683532715","-1.4585089683532715"
"1350","-1.2032759189605713","-1.2032759189605713","-1.2032759189605713"
"1351","-1.6186673641204834","-1.6186673641204834","-1.6186673641204834"
"1352","-1.2601637840270996","-1.2601637840270996","-1.2601637840270996"
"1353","-1.4798988103866577","-1.4798988103866577","-1.4798988103866577"
"1354","-1.4529221057891846","-1.4529221057891846","-1.4529221057891846"
"1355","-1.5950266122817993","-1.5950266122817993","-1.5950266122817993"
"1356","-1.58705472946167","-1.58705472946167","-1.58705472946167"
"1357","-1.357081413269043","-1.357081413269043","-1.357081413269043"
"1358","-1.0727629661560059","-1.0727629661560059","-1.0727629661560059"
"1359","-1.0749297142028809","-1.0749297142028809","-1.0749297142028809"
"1360","-1.4376099109649658","-1.4376099109649658","-1.4376099109649658"
"1361","-1.3947360515594482","-1.3947360515594482","-1.3947360515594482"
"1362","-1.6605979204177856","-1.6605979204177856","-1.6605979204177856"
"1363","-1.396365761756897","-1.396365761756897","-1.396365761756897"
"1364","-1.3565243482589722","-1.3565243482589722","-1.3565243482589722"
"1365","-1.1927456855773926","-1.1927456855773926","-1.1927456855773926"
"1366","-1.5741462707519531","-1.5741462707519531","-1.5741462707519531"
"1367","-1.3139241933822632","-1.3139241933822632","-1.3139241933822632"
"1368","-1.5059964656829834","-1.5059964656829834","-1.5059964656829834"
"1369","-1.658221960067749","-1.658221960067749","-1.658221960067749"
"1370","-1.2046918869018555","-1.2046918869018555","-1.2046918869018555"
"1371","-1.5756744146347046","-1.5756744146347046","-1.5756744146347046"
"1372","-1.5462605953216553","-1.5462605953216553","-1.5462605953216553"
"1373","-1.079175353050232","-1.079175353050232","-1.079175353050232"
"1374","-1.3046437501907349","-1.3046437501907349","-1.3046437501907349"
"1375","-2.154743194580078","-2.154743194580078","-2.154743194580078"
"1376","-1.4662399291992188","-1.4662399291992188","-1.4662399291992188"
"1377","-1.1344594955444336","-1.1344594955444336","-1.1344594955444336"
"1378","-1.4775371551513672","-1.4775371551513672","-1.4775371551513672"
"1379","-1.42198646068573","-1.42198646068573","-1.42198646068573"
"1380","-1.588187336921692","-1.588187336921692","-1.588187336921692"
"1381","-1.4436633586883545","-1.4436633586883545","-1.4436633586883545"
"1382","-1.5376546382904053","-1.5376546382904053","-1.5376546382904053"
"1383","-1.9728530645370483","-1.9728530645370483","-1.9728530645370483"
"1384","-1.1613951921463013","-1.1613951921463013","-1.1613951921463013"
"1385","-1.5923192501068115","-1.5923192501068115","-1.5923192501068115"
"1386","-1.82051682472229","-1.82051682472229","-1.82051682472229"
"1387","-1.525611400604248","-1.525611400604248","-1.525611400604248"
"1388","-1.672820806503296","-1.672820806503296","-1.672820806503296"
"1389","-1.6217831373214722","-1.6217831373214722","-1.6217831373214722"
"1390","-1.5824158191680908","-1.5824158191680908","-1.5824158191680908"
"1391","-1.758594274520874","-1.758594274520874","-1.758594274520874"
"1392","-1.3058232069015503","-1.3058232069015503","-1.3058232069015503"
"1393","-1.365545392036438","-1.365545392036438","-1.365545392036438"
"1394","-1.2295513153076172","-1.2295513153076172","-1.2295513153076172"
"1395","-1.324049949645996","-1.324049949645996","-1.324049949645996"
"1396","-1.2637455463409424","-1.2637455463409424","-1.2637455463409424"
"1397","-1.3440192937850952","-1.3440192937850952","-1.3440192937850952"
"1398","-1.4175139665603638","-1.4175139665603638","-1.4175139665603638"
"1399","-1.6723343133926392","-1.6723343133926392","-1.6723343133926392"
"1400","-1.4024896621704102","-1.4024896621704102","-1.4024896621704102"
"1401","-1.5470629930496216","-1.5470629930496216","-1.5470629930496216"
"1402","-1.723524570465088","-1.723524570465088","-1.723524570465088"
"1403","-1.3051462173461914","-1.3051462173461914","-1.3051462173461914"
"1404","-1.3483809232711792","-1.3483809232711792","-1.3483809232711792"
"1405","-1.2898707389831543","-1.2898707389831543","-1.2898707389831543"