"Step","train/rewards/chosen","./SMOL_DPO_ALPHA_DIVERGENCE - train/rewards/chosen__MIN","./SMOL_DPO_ALPHA_DIVERGENCE - train/rewards/chosen__MAX"
"0","0","0","0"
"1","-0.020984362810850143","-0.020984362810850143","-0.020984362810850143"
"2","0.0152366291731596","0.0152366291731596","0.0152366291731596"
"3","-0.057128071784973145","-0.057128071784973145","-0.057128071784973145"
"4","-0.11627280712127686","-0.11627280712127686","-0.11627280712127686"
"5","-0.037635982036590576","-0.037635982036590576","-0.037635982036590576"
"6","-0.013285469263792038","-0.013285469263792038","-0.013285469263792038"
"7","-0.1312333643436432","-0.1312333643436432","-0.1312333643436432"
"8","-0.11029736697673798","-0.11029736697673798","-0.11029736697673798"
"9","-0.26759424805641174","-0.26759424805641174","-0.26759424805641174"
"10","-0.20561343431472778","-0.20561343431472778","-0.20561343431472778"
"11","-0.2117564082145691","-0.2117564082145691","-0.2117564082145691"
"12","-0.26972073316574097","-0.26972073316574097","-0.26972073316574097"
"13","-0.21767134964466095","-0.21767134964466095","-0.21767134964466095"
"14","-0.3601774573326111","-0.3601774573326111","-0.3601774573326111"
"15","-0.5575499534606934","-0.5575499534606934","-0.5575499534606934"
"16","-0.5220404863357544","-0.5220404863357544","-0.5220404863357544"
"17","-0.6584709882736206","-0.6584709882736206","-0.6584709882736206"
"18","-0.615856409072876","-0.615856409072876","-0.615856409072876"
"19","-0.5484530925750732","-0.5484530925750732","-0.5484530925750732"
"20","-0.5291060209274292","-0.5291060209274292","-0.5291060209274292"
"21","-0.6903895139694214","-0.6903895139694214","-0.6903895139694214"
"22","-0.6319437026977539","-0.6319437026977539","-0.6319437026977539"
"23","-0.699234127998352","-0.699234127998352","-0.699234127998352"
"24","-0.8279008269309998","-0.8279008269309998","-0.8279008269309998"
"25","-0.38127338886260986","-0.38127338886260986","-0.38127338886260986"
"26","-0.7904971241950989","-0.7904971241950989","-0.7904971241950989"
"27","-0.7114080786705017","-0.7114080786705017","-0.7114080786705017"
"28","-1.0821477174758911","-1.0821477174758911","-1.0821477174758911"
"29","-0.8249651193618774","-0.8249651193618774","-0.8249651193618774"
"30","-1.313694953918457","-1.313694953918457","-1.313694953918457"
"31","-0.6084454655647278","-0.6084454655647278","-0.6084454655647278"
"32","-1.2040963172912598","-1.2040963172912598","-1.2040963172912598"
"33","-1.3987981081008911","-1.3987981081008911","-1.3987981081008911"
"34","-1.1344279050827026","-1.1344279050827026","-1.1344279050827026"
"35","-1.2572643756866455","-1.2572643756866455","-1.2572643756866455"
"36","-1.428330421447754","-1.428330421447754","-1.428330421447754"
"37","-1.2898205518722534","-1.2898205518722534","-1.2898205518722534"
"38","-1.2617177963256836","-1.2617177963256836","-1.2617177963256836"
"39","-1.3977113962173462","-1.3977113962173462","-1.3977113962173462"
"40","-1.2821946144104004","-1.2821946144104004","-1.2821946144104004"
"41","-1.624135971069336","-1.624135971069336","-1.624135971069336"
"42","-1.4596999883651733","-1.4596999883651733","-1.4596999883651733"
"43","-1.217526912689209","-1.217526912689209","-1.217526912689209"
"44","-1.3809447288513184","-1.3809447288513184","-1.3809447288513184"
"45","-0.8136744499206543","-0.8136744499206543","-0.8136744499206543"
"46","-1.6498355865478516","-1.6498355865478516","-1.6498355865478516"
"47","-0.809490978717804","-0.809490978717804","-0.809490978717804"
"48","-1.284924030303955","-1.284924030303955","-1.284924030303955"
"49","-1.0569970607757568","-1.0569970607757568","-1.0569970607757568"
"50","-0.9921485781669617","-0.9921485781669617","-0.9921485781669617"
"51","-1.1810530424118042","-1.1810530424118042","-1.1810530424118042"
"52","-0.9671207666397095","-0.9671207666397095","-0.9671207666397095"
"53","-1.2928166389465332","-1.2928166389465332","-1.2928166389465332"
"54","-1.156998634338379","-1.156998634338379","-1.156998634338379"
"55","-1.0205583572387695","-1.0205583572387695","-1.0205583572387695"
"56","-0.6133841276168823","-0.6133841276168823","-0.6133841276168823"
"57","-0.7813643217086792","-0.7813643217086792","-0.7813643217086792"
"58","-1.3538976907730103","-1.3538976907730103","-1.3538976907730103"
"59","-1.0806987285614014","-1.0806987285614014","-1.0806987285614014"
"60","-0.7343887090682983","-0.7343887090682983","-0.7343887090682983"
"61","-1.0188136100769043","-1.0188136100769043","-1.0188136100769043"
"62","-1.358532428741455","-1.358532428741455","-1.358532428741455"
"63","-1.015015959739685","-1.015015959739685","-1.015015959739685"
"64","-0.926414430141449","-0.926414430141449","-0.926414430141449"
"65","-1.0267727375030518","-1.0267727375030518","-1.0267727375030518"
"66","-1.0170340538024902","-1.0170340538024902","-1.0170340538024902"
"67","-1.2280292510986328","-1.2280292510986328","-1.2280292510986328"
"68","-1.222246527671814","-1.222246527671814","-1.222246527671814"
"69","-1.3188060522079468","-1.3188060522079468","-1.3188060522079468"
"70","-0.8535774946212769","-0.8535774946212769","-0.8535774946212769"
"71","-1.0467019081115723","-1.0467019081115723","-1.0467019081115723"
"72","-1.2775347232818604","-1.2775347232818604","-1.2775347232818604"
"73","-1.1923149824142456","-1.1923149824142456","-1.1923149824142456"
"74","-0.8471551537513733","-0.8471551537513733","-0.8471551537513733"
"75","-0.7618298530578613","-0.7618298530578613","-0.7618298530578613"
"76","-0.7679463624954224","-0.7679463624954224","-0.7679463624954224"
"77","-1.085278868675232","-1.085278868675232","-1.085278868675232"
"78","-0.8548619151115417","-0.8548619151115417","-0.8548619151115417"
"79","-1.3600389957427979","-1.3600389957427979","-1.3600389957427979"
"80","-1.4512525796890259","-1.4512525796890259","-1.4512525796890259"
"81","-1.368857741355896","-1.368857741355896","-1.368857741355896"
"82","-1.3618605136871338","-1.3618605136871338","-1.3618605136871338"
"83","-1.0920668840408325","-1.0920668840408325","-1.0920668840408325"
"84","-0.970370352268219","-0.970370352268219","-0.970370352268219"
"85","-1.28080415725708","-1.28080415725708","-1.28080415725708"
"86","-1.15481436252594","-1.15481436252594","-1.15481436252594"
"87","-1.1437571048736572","-1.1437571048736572","-1.1437571048736572"
"88","-1.2289838790893555","-1.2289838790893555","-1.2289838790893555"
"89","-1.4023586511611938","-1.4023586511611938","-1.4023586511611938"
"90","-1.1009962558746338","-1.1009962558746338","-1.1009962558746338"
"91","-1.1790740489959717","-1.1790740489959717","-1.1790740489959717"
"92","-1.068471908569336","-1.068471908569336","-1.068471908569336"
"93","-0.9947739839553833","-0.9947739839553833","-0.9947739839553833"
"94","-0.9677115082740784","-0.9677115082740784","-0.9677115082740784"
"95","-1.0655372142791748","-1.0655372142791748","-1.0655372142791748"
"96","-1.1355663537979126","-1.1355663537979126","-1.1355663537979126"
"97","-0.8232624530792236","-0.8232624530792236","-0.8232624530792236"
"98","-0.9673923850059509","-0.9673923850059509","-0.9673923850059509"
"99","-0.921837329864502","-0.921837329864502","-0.921837329864502"
"100","-1.0637881755828857","-1.0637881755828857","-1.0637881755828857"
"101","-1.4119791984558105","-1.4119791984558105","-1.4119791984558105"
"102","-0.5416203141212463","-0.5416203141212463","-0.5416203141212463"
"103","-0.9513134956359863","-0.9513134956359863","-0.9513134956359863"
"104","-1.414196491241455","-1.414196491241455","-1.414196491241455"
"105","-0.9092739820480347","-0.9092739820480347","-0.9092739820480347"
"106","-0.6738760471343994","-0.6738760471343994","-0.6738760471343994"
"107","-1.2948968410491943","-1.2948968410491943","-1.2948968410491943"
"108","-1.1164506673812866","-1.1164506673812866","-1.1164506673812866"
"109","-0.8505139350891113","-0.8505139350891113","-0.8505139350891113"
"110","-0.8009659647941589","-0.8009659647941589","-0.8009659647941589"
"111","-0.931291937828064","-0.931291937828064","-0.931291937828064"
"112","-1.0386821031570435","-1.0386821031570435","-1.0386821031570435"
"113","-1.0314759016036987","-1.0314759016036987","-1.0314759016036987"
"114","-0.9793160557746887","-0.9793160557746887","-0.9793160557746887"
"115","-0.9695945382118225","-0.9695945382118225","-0.9695945382118225"
"116","-1.0567148923873901","-1.0567148923873901","-1.0567148923873901"
"117","-1.0363781452178955","-1.0363781452178955","-1.0363781452178955"
"118","-1.0437405109405518","-1.0437405109405518","-1.0437405109405518"
"119","-1.0639110803604126","-1.0639110803604126","-1.0639110803604126"
"120","-0.7375741004943848","-0.7375741004943848","-0.7375741004943848"
"121","-0.9690568447113037","-0.9690568447113037","-0.9690568447113037"
"122","-0.7280874848365784","-0.7280874848365784","-0.7280874848365784"
"123","-0.694244384765625","-0.694244384765625","-0.694244384765625"
"124","-1.0705735683441162","-1.0705735683441162","-1.0705735683441162"
"125","-0.6885981559753418","-0.6885981559753418","-0.6885981559753418"
"126","-1.4901063442230225","-1.4901063442230225","-1.4901063442230225"
"127","-1.0990267992019653","-1.0990267992019653","-1.0990267992019653"
"128","-1.0100491046905518","-1.0100491046905518","-1.0100491046905518"
"129","-0.5867460370063782","-0.5867460370063782","-0.5867460370063782"
"130","-0.7472285032272339","-0.7472285032272339","-0.7472285032272339"
"131","-0.6976622343063354","-0.6976622343063354","-0.6976622343063354"
"132","-0.6223639249801636","-0.6223639249801636","-0.6223639249801636"
"133","-1.1873843669891357","-1.1873843669891357","-1.1873843669891357"
"134","-1.0401780605316162","-1.0401780605316162","-1.0401780605316162"
"135","-0.5184632539749146","-0.5184632539749146","-0.5184632539749146"
"136","-1.044237494468689","-1.044237494468689","-1.044237494468689"
"137","-0.9226598143577576","-0.9226598143577576","-0.9226598143577576"
"138","-0.6314618587493896","-0.6314618587493896","-0.6314618587493896"
"139","-1.0062114000320435","-1.0062114000320435","-1.0062114000320435"
"140","-0.9978269338607788","-0.9978269338607788","-0.9978269338607788"
"141","-0.9827558398246765","-0.9827558398246765","-0.9827558398246765"
"142","-1.0769410133361816","-1.0769410133361816","-1.0769410133361816"
"143","-0.8355781435966492","-0.8355781435966492","-0.8355781435966492"
"144","-1.2216898202896118","-1.2216898202896118","-1.2216898202896118"
"145","-0.9334747195243835","-0.9334747195243835","-0.9334747195243835"
"146","-0.9519795179367065","-0.9519795179367065","-0.9519795179367065"
"147","-0.6564170718193054","-0.6564170718193054","-0.6564170718193054"
"148","-1.596922516822815","-1.596922516822815","-1.596922516822815"
"149","-0.7981359362602234","-0.7981359362602234","-0.7981359362602234"
"150","-1.1001026630401611","-1.1001026630401611","-1.1001026630401611"
"151","-1.020117998123169","-1.020117998123169","-1.020117998123169"
"152","-0.8340963125228882","-0.8340963125228882","-0.8340963125228882"
"153","-1.006946086883545","-1.006946086883545","-1.006946086883545"
"154","-0.759821891784668","-0.759821891784668","-0.759821891784668"
"155","-1.1074659824371338","-1.1074659824371338","-1.1074659824371338"
"156","-0.8132215738296509","-0.8132215738296509","-0.8132215738296509"
"157","-0.9139302372932434","-0.9139302372932434","-0.9139302372932434"
"158","-1.0796630382537842","-1.0796630382537842","-1.0796630382537842"
"159","-0.9096031785011292","-0.9096031785011292","-0.9096031785011292"
"160","-0.8211523294448853","-0.8211523294448853","-0.8211523294448853"
"161","-1.1970322132110596","-1.1970322132110596","-1.1970322132110596"
"162","-1.512398600578308","-1.512398600578308","-1.512398600578308"
"163","-1.0153484344482422","-1.0153484344482422","-1.0153484344482422"
"164","-0.7133284211158752","-0.7133284211158752","-0.7133284211158752"
"165","-1.0281709432601929","-1.0281709432601929","-1.0281709432601929"
"166","-1.483618140220642","-1.483618140220642","-1.483618140220642"
"167","-0.7629098296165466","-0.7629098296165466","-0.7629098296165466"
"168","-1.309131383895874","-1.309131383895874","-1.309131383895874"
"169","-0.9313063621520996","-0.9313063621520996","-0.9313063621520996"
"170","-0.913170576095581","-0.913170576095581","-0.913170576095581"
"171","-0.9819167256355286","-0.9819167256355286","-0.9819167256355286"
"172","-1.1106020212173462","-1.1106020212173462","-1.1106020212173462"
"173","-0.9110755324363708","-0.9110755324363708","-0.9110755324363708"
"174","-1.4554522037506104","-1.4554522037506104","-1.4554522037506104"
"175","-0.8115972280502319","-0.8115972280502319","-0.8115972280502319"
"176","-0.9589086771011353","-0.9589086771011353","-0.9589086771011353"
"177","-0.6538671255111694","-0.6538671255111694","-0.6538671255111694"
"178","-0.776046633720398","-0.776046633720398","-0.776046633720398"
"179","-0.9710583090782166","-0.9710583090782166","-0.9710583090782166"
"180","-0.882888913154602","-0.882888913154602","-0.882888913154602"
"181","-0.9376437664031982","-0.9376437664031982","-0.9376437664031982"
"182","-1.0862329006195068","-1.0862329006195068","-1.0862329006195068"
"183","-1.254006028175354","-1.254006028175354","-1.254006028175354"
"184","-0.8234961032867432","-0.8234961032867432","-0.8234961032867432"
"185","-1.3652067184448242","-1.3652067184448242","-1.3652067184448242"
"186","-1.0154192447662354","-1.0154192447662354","-1.0154192447662354"
"187","-0.8840673565864563","-0.8840673565864563","-0.8840673565864563"
"188","-1.1016340255737305","-1.1016340255737305","-1.1016340255737305"
"189","-0.890045166015625","-0.890045166015625","-0.890045166015625"
"190","-1.1148662567138672","-1.1148662567138672","-1.1148662567138672"
"191","-1.027951717376709","-1.027951717376709","-1.027951717376709"
"192","-1.0271356105804443","-1.0271356105804443","-1.0271356105804443"
"193","-1.4126849174499512","-1.4126849174499512","-1.4126849174499512"
"194","-1.0459048748016357","-1.0459048748016357","-1.0459048748016357"
"195","-1.3889352083206177","-1.3889352083206177","-1.3889352083206177"
"196","-1.5427011251449585","-1.5427011251449585","-1.5427011251449585"
"197","-0.8367699980735779","-0.8367699980735779","-0.8367699980735779"
"198","-0.9607883095741272","-0.9607883095741272","-0.9607883095741272"
"199","-0.9709559082984924","-0.9709559082984924","-0.9709559082984924"
"201","0","0","0"
"202","-0.004923563450574875","-0.004923563450574875","-0.004923563450574875"
"203","0.01475552935153246","0.01475552935153246","0.01475552935153246"
"204","-0.039535533636808395","-0.039535533636808395","-0.039535533636808395"
"205","-0.04984505474567413","-0.04984505474567413","-0.04984505474567413"
"206","-0.01986825093626976","-0.01986825093626976","-0.01986825093626976"
"207","0.0006871689110994339","0.0006871689110994339","0.0006871689110994339"
"208","-0.06494615226984024","-0.06494615226984024","-0.06494615226984024"
"209","-0.07336624711751938","-0.07336624711751938","-0.07336624711751938"
"210","-0.1293940395116806","-0.1293940395116806","-0.1293940395116806"
"211","-0.11990727484226227","-0.11990727484226227","-0.11990727484226227"
"212","-0.10094358026981354","-0.10094358026981354","-0.10094358026981354"
"213","-0.13652393221855164","-0.13652393221855164","-0.13652393221855164"
"214","-0.13451136648654938","-0.13451136648654938","-0.13451136648654938"
"215","-0.19073115289211273","-0.19073115289211273","-0.19073115289211273"
"216","-0.29454752802848816","-0.29454752802848816","-0.29454752802848816"
"217","-0.283486008644104","-0.283486008644104","-0.283486008644104"
"218","-0.36314234137535095","-0.36314234137535095","-0.36314234137535095"
"219","-0.33710119128227234","-0.33710119128227234","-0.33710119128227234"
"220","-0.3036840856075287","-0.3036840856075287","-0.3036840856075287"
"221","-0.2901455760002136","-0.2901455760002136","-0.2901455760002136"
"222","-0.38453608751296997","-0.38453608751296997","-0.38453608751296997"
"223","-0.37509310245513916","-0.37509310245513916","-0.37509310245513916"
"224","-0.38403570652008057","-0.38403570652008057","-0.38403570652008057"
"225","-0.5019577741622925","-0.5019577741622925","-0.5019577741622925"
"226","-0.27371159195899963","-0.27371159195899963","-0.27371159195899963"
"227","-0.48690465092658997","-0.48690465092658997","-0.48690465092658997"
"228","-0.43617600202560425","-0.43617600202560425","-0.43617600202560425"
"229","-0.6879768967628479","-0.6879768967628479","-0.6879768967628479"
"230","-0.522946834564209","-0.522946834564209","-0.522946834564209"
"231","-0.8911914229393005","-0.8911914229393005","-0.8911914229393005"
"232","-0.3925946056842804","-0.3925946056842804","-0.3925946056842804"
"233","-0.7670899629592896","-0.7670899629592896","-0.7670899629592896"
"234","-0.896950364112854","-0.896950364112854","-0.896950364112854"
"235","-0.7369040250778198","-0.7369040250778198","-0.7369040250778198"
"236","-0.8591954112052917","-0.8591954112052917","-0.8591954112052917"
"237","-1.0193507671356201","-1.0193507671356201","-1.0193507671356201"
"238","-0.8379189968109131","-0.8379189968109131","-0.8379189968109131"
"239","-0.8330146670341492","-0.8330146670341492","-0.8330146670341492"
"240","-0.9969910979270935","-0.9969910979270935","-0.9969910979270935"
"241","-0.8997973799705505","-0.8997973799705505","-0.8997973799705505"
"242","-1.177983283996582","-1.177983283996582","-1.177983283996582"
"243","-1.1235593557357788","-1.1235593557357788","-1.1235593557357788"
"244","-0.9048038125038147","-0.9048038125038147","-0.9048038125038147"
"245","-0.942618727684021","-0.942618727684021","-0.942618727684021"
"246","-0.5766333341598511","-0.5766333341598511","-0.5766333341598511"
"247","-1.1038254499435425","-1.1038254499435425","-1.1038254499435425"
"248","-0.6461043953895569","-0.6461043953895569","-0.6461043953895569"
"249","-0.929061770439148","-0.929061770439148","-0.929061770439148"
"250","-0.7766026854515076","-0.7766026854515076","-0.7766026854515076"
"251","-0.7542592883110046","-0.7542592883110046","-0.7542592883110046"
"252","-0.7999088168144226","-0.7999088168144226","-0.7999088168144226"
"253","-0.7105844616889954","-0.7105844616889954","-0.7105844616889954"
"254","-0.8596588373184204","-0.8596588373184204","-0.8596588373184204"
"255","-0.8747432827949524","-0.8747432827949524","-0.8747432827949524"
"256","-0.7491357326507568","-0.7491357326507568","-0.7491357326507568"
"257","-0.5095879435539246","-0.5095879435539246","-0.5095879435539246"
"258","-0.5711930394172668","-0.5711930394172668","-0.5711930394172668"
"259","-0.9382268190383911","-0.9382268190383911","-0.9382268190383911"
"260","-0.7124217748641968","-0.7124217748641968","-0.7124217748641968"
"261","-0.5291565656661987","-0.5291565656661987","-0.5291565656661987"
"262","-0.7539232969284058","-0.7539232969284058","-0.7539232969284058"
"263","-1.0346068143844604","-1.0346068143844604","-1.0346068143844604"
"264","-0.6811013221740723","-0.6811013221740723","-0.6811013221740723"
"265","-0.6469061374664307","-0.6469061374664307","-0.6469061374664307"
"266","-0.675711989402771","-0.675711989402771","-0.675711989402771"
"267","-0.7268673181533813","-0.7268673181533813","-0.7268673181533813"
"268","-0.9080867767333984","-0.9080867767333984","-0.9080867767333984"
"269","-0.8498177528381348","-0.8498177528381348","-0.8498177528381348"
"270","-0.922736644744873","-0.922736644744873","-0.922736644744873"
"271","-0.5243031978607178","-0.5243031978607178","-0.5243031978607178"
"272","-0.725648045539856","-0.725648045539856","-0.725648045539856"
"273","-0.9290444850921631","-0.9290444850921631","-0.9290444850921631"
"274","-0.9058597087860107","-0.9058597087860107","-0.9058597087860107"
"275","-0.5752229690551758","-0.5752229690551758","-0.5752229690551758"
"276","-0.5515143871307373","-0.5515143871307373","-0.5515143871307373"
"277","-0.5576369762420654","-0.5576369762420654","-0.5576369762420654"
"278","-0.7120905518531799","-0.7120905518531799","-0.7120905518531799"
"279","-0.577181875705719","-0.577181875705719","-0.577181875705719"
"280","-0.9562578201293945","-0.9562578201293945","-0.9562578201293945"
"281","-1.0258885622024536","-1.0258885622024536","-1.0258885622024536"
"282","-0.9019229412078857","-0.9019229412078857","-0.9019229412078857"
"283","-0.9947408437728882","-0.9947408437728882","-0.9947408437728882"
"284","-0.7802781462669373","-0.7802781462669373","-0.7802781462669373"
"285","-0.6771342158317566","-0.6771342158317566","-0.6771342158317566"
"286","-0.8832901120185852","-0.8832901120185852","-0.8832901120185852"
"287","-0.7413501739501953","-0.7413501739501953","-0.7413501739501953"
"288","-0.7715640664100647","-0.7715640664100647","-0.7715640664100647"
"289","-0.8722141981124878","-0.8722141981124878","-0.8722141981124878"
"290","-0.9581658244132996","-0.9581658244132996","-0.9581658244132996"
"291","-0.748725175857544","-0.748725175857544","-0.748725175857544"
"292","-0.8742855787277222","-0.8742855787277222","-0.8742855787277222"
"293","-0.6728634834289551","-0.6728634834289551","-0.6728634834289551"
"294","-0.7071601152420044","-0.7071601152420044","-0.7071601152420044"
"295","-0.7010641694068909","-0.7010641694068909","-0.7010641694068909"
"296","-0.7888294458389282","-0.7888294458389282","-0.7888294458389282"
"297","-0.771699070930481","-0.771699070930481","-0.771699070930481"
"298","-0.5623888969421387","-0.5623888969421387","-0.5623888969421387"
"299","-0.7353674173355103","-0.7353674173355103","-0.7353674173355103"
"300","-0.642106294631958","-0.642106294631958","-0.642106294631958"
"301","-0.7870721817016602","-0.7870721817016602","-0.7870721817016602"
"302","-1.048426628112793","-1.048426628112793","-1.048426628112793"
"303","-0.448519766330719","-0.448519766330719","-0.448519766330719"
"304","-0.6004505753517151","-0.6004505753517151","-0.6004505753517151"
"305","-1.009207010269165","-1.009207010269165","-1.009207010269165"
"306","-0.6747984886169434","-0.6747984886169434","-0.6747984886169434"
"307","-0.505602240562439","-0.505602240562439","-0.505602240562439"
"308","-0.9815242290496826","-0.9815242290496826","-0.9815242290496826"
"309","-0.7709524631500244","-0.7709524631500244","-0.7709524631500244"
"310","-0.6710703372955322","-0.6710703372955322","-0.6710703372955322"
"311","-0.5938840508460999","-0.5938840508460999","-0.5938840508460999"
"312","-0.7629520893096924","-0.7629520893096924","-0.7629520893096924"
"313","-0.7612026929855347","-0.7612026929855347","-0.7612026929855347"
"314","-0.9024055600166321","-0.9024055600166321","-0.9024055600166321"
"315","-0.7450733184814453","-0.7450733184814453","-0.7450733184814453"
"316","-0.7287906408309937","-0.7287906408309937","-0.7287906408309937"
"317","-0.829442024230957","-0.829442024230957","-0.829442024230957"
"318","-0.7212751507759094","-0.7212751507759094","-0.7212751507759094"
"319","-0.8223803639411926","-0.8223803639411926","-0.8223803639411926"
"320","-0.8300689458847046","-0.8300689458847046","-0.8300689458847046"
"321","-0.6647214293479919","-0.6647214293479919","-0.6647214293479919"
"322","-0.7477508783340454","-0.7477508783340454","-0.7477508783340454"
"323","-0.5825985670089722","-0.5825985670089722","-0.5825985670089722"
"324","-0.5391102433204651","-0.5391102433204651","-0.5391102433204651"
"325","-0.8471657633781433","-0.8471657633781433","-0.8471657633781433"
"326","-0.6513972282409668","-0.6513972282409668","-0.6513972282409668"
"327","-1.1779371500015259","-1.1779371500015259","-1.1779371500015259"
"328","-0.8891427516937256","-0.8891427516937256","-0.8891427516937256"
"329","-0.7968051433563232","-0.7968051433563232","-0.7968051433563232"
"330","-0.41066551208496094","-0.41066551208496094","-0.41066551208496094"
"331","-0.657055139541626","-0.657055139541626","-0.657055139541626"
"332","-0.5472768545150757","-0.5472768545150757","-0.5472768545150757"
"333","-0.46403342485427856","-0.46403342485427856","-0.46403342485427856"
"334","-0.9201616644859314","-0.9201616644859314","-0.9201616644859314"
"335","-0.8348729610443115","-0.8348729610443115","-0.8348729610443115"
"336","-0.3902346193790436","-0.3902346193790436","-0.3902346193790436"
"337","-0.8988437056541443","-0.8988437056541443","-0.8988437056541443"
"338","-0.7018800973892212","-0.7018800973892212","-0.7018800973892212"
"339","-0.556334376335144","-0.556334376335144","-0.556334376335144"
"340","-0.7664493918418884","-0.7664493918418884","-0.7664493918418884"
"341","-0.8270617723464966","-0.8270617723464966","-0.8270617723464966"
"342","-0.7775941491127014","-0.7775941491127014","-0.7775941491127014"
"343","-0.8335952758789062","-0.8335952758789062","-0.8335952758789062"
"344","-0.6553558111190796","-0.6553558111190796","-0.6553558111190796"
"345","-0.9839807748794556","-0.9839807748794556","-0.9839807748794556"
"346","-0.7333652973175049","-0.7333652973175049","-0.7333652973175049"
"347","-0.7948035001754761","-0.7948035001754761","-0.7948035001754761"
"348","-0.5733456611633301","-0.5733456611633301","-0.5733456611633301"
"349","-1.236546277999878","-1.236546277999878","-1.236546277999878"
"350","-0.709562361240387","-0.709562361240387","-0.709562361240387"
"351","-0.8090872168540955","-0.8090872168540955","-0.8090872168540955"
"352","-0.7422768473625183","-0.7422768473625183","-0.7422768473625183"
"353","-0.6369691491127014","-0.6369691491127014","-0.6369691491127014"
"354","-0.8134233355522156","-0.8134233355522156","-0.8134233355522156"
"355","-0.6029473543167114","-0.6029473543167114","-0.6029473543167114"
"356","-0.8393691778182983","-0.8393691778182983","-0.8393691778182983"
"357","-0.7000113129615784","-0.7000113129615784","-0.7000113129615784"
"358","-0.7405331134796143","-0.7405331134796143","-0.7405331134796143"
"359","-0.8504893779754639","-0.8504893779754639","-0.8504893779754639"
"360","-0.6585031747817993","-0.6585031747817993","-0.6585031747817993"
"361","-0.6320875883102417","-0.6320875883102417","-0.6320875883102417"
"362","-0.9625321626663208","-0.9625321626663208","-0.9625321626663208"
"363","-1.219539761543274","-1.219539761543274","-1.219539761543274"
"364","-0.8078649640083313","-0.8078649640083313","-0.8078649640083313"
"365","-0.6163514852523804","-0.6163514852523804","-0.6163514852523804"
"366","-0.8801108598709106","-0.8801108598709106","-0.8801108598709106"
"367","-1.1620123386383057","-1.1620123386383057","-1.1620123386383057"
"368","-0.6179309487342834","-0.6179309487342834","-0.6179309487342834"
"369","-1.0090388059616089","-1.0090388059616089","-1.0090388059616089"
"370","-0.7378848195075989","-0.7378848195075989","-0.7378848195075989"
"371","-0.741577684879303","-0.741577684879303","-0.741577684879303"
"372","-0.7401655912399292","-0.7401655912399292","-0.7401655912399292"
"373","-0.8869014382362366","-0.8869014382362366","-0.8869014382362366"
"374","-0.6744760274887085","-0.6744760274887085","-0.6744760274887085"
"375","-1.118571162223816","-1.118571162223816","-1.118571162223816"
"376","-0.5932630300521851","-0.5932630300521851","-0.5932630300521851"
"377","-0.7334551215171814","-0.7334551215171814","-0.7334551215171814"
"378","-0.5332586765289307","-0.5332586765289307","-0.5332586765289307"
"379","-0.6689306497573853","-0.6689306497573853","-0.6689306497573853"
"380","-0.7518152594566345","-0.7518152594566345","-0.7518152594566345"
"381","-0.7442277073860168","-0.7442277073860168","-0.7442277073860168"
"382","-0.7534598112106323","-0.7534598112106323","-0.7534598112106323"
"383","-0.826269805431366","-0.826269805431366","-0.826269805431366"
"384","-1.0621402263641357","-1.0621402263641357","-1.0621402263641357"
"385","-0.609013557434082","-0.609013557434082","-0.609013557434082"
"386","-0.9938952922821045","-0.9938952922821045","-0.9938952922821045"
"387","-0.8037328720092773","-0.8037328720092773","-0.8037328720092773"
"388","-0.6717649698257446","-0.6717649698257446","-0.6717649698257446"
"389","-0.9326871633529663","-0.9326871633529663","-0.9326871633529663"
"390","-0.673782229423523","-0.673782229423523","-0.673782229423523"
"391","-0.9301838874816895","-0.9301838874816895","-0.9301838874816895"
"392","-0.8129426836967468","-0.8129426836967468","-0.8129426836967468"
"393","-0.8634999394416809","-0.8634999394416809","-0.8634999394416809"
"394","-1.0458223819732666","-1.0458223819732666","-1.0458223819732666"
"395","-0.7741483449935913","-0.7741483449935913","-0.7741483449935913"
"396","-1.0360044240951538","-1.0360044240951538","-1.0360044240951538"
"397","-1.2426655292510986","-1.2426655292510986","-1.2426655292510986"
"398","-0.631746232509613","-0.631746232509613","-0.631746232509613"
"399","-0.788151741027832","-0.788151741027832","-0.788151741027832"
"400","-0.6726934909820557","-0.6726934909820557","-0.6726934909820557"
"402","0","0","0"
"403","-0.04043984413146973","-0.04043984413146973","-0.04043984413146973"
"404","0.3149080276489258","0.3149080276489258","0.3149080276489258"
"405","-0.15703392028808594","-0.15703392028808594","-0.15703392028808594"
"406","-0.704555332660675","-0.704555332660675","-0.704555332660675"
"407","-0.29979634284973145","-0.29979634284973145","-0.29979634284973145"
"408","-0.13123071193695068","-0.13123071193695068","-0.13123071193695068"
"409","-1.4831666946411133","-1.4831666946411133","-1.4831666946411133"
"410","-0.9115778207778931","-0.9115778207778931","-0.9115778207778931"
"411","-2.0366783142089844","-2.0366783142089844","-2.0366783142089844"
"412","-1.9059064388275146","-1.9059064388275146","-1.9059064388275146"
"413","-2.4090335369110107","-2.4090335369110107","-2.4090335369110107"
"414","-2.254291534423828","-2.254291534423828","-2.254291534423828"
"415","-1.420559048652649","-1.420559048652649","-1.420559048652649"
"416","-2.6542205810546875","-2.6542205810546875","-2.6542205810546875"
"417","-3.810512065887451","-3.810512065887451","-3.810512065887451"
"418","-3.7632105350494385","-3.7632105350494385","-3.7632105350494385"
"419","-4.713421821594238","-4.713421821594238","-4.713421821594238"
"420","-3.3243987560272217","-3.3243987560272217","-3.3243987560272217"
"421","-3.9988458156585693","-3.9988458156585693","-3.9988458156585693"
"422","-2.4759981632232666","-2.4759981632232666","-2.4759981632232666"
"423","-4.506679058074951","-4.506679058074951","-4.506679058074951"
"424","-3.421126365661621","-3.421126365661621","-3.421126365661621"
"425","-4.725435256958008","-4.725435256958008","-4.725435256958008"
"426","-3.780423164367676","-3.780423164367676","-3.780423164367676"
"427","-1.433464527130127","-1.433464527130127","-1.433464527130127"
"428","-3.932361125946045","-3.932361125946045","-3.932361125946045"
"429","-4.076743125915527","-4.076743125915527","-4.076743125915527"
"430","-5.50327205657959","-5.50327205657959","-5.50327205657959"
"431","-3.2977447509765625","-3.2977447509765625","-3.2977447509765625"
"432","-4.564791679382324","-4.564791679382324","-4.564791679382324"
"433","-3.1242833137512207","-3.1242833137512207","-3.1242833137512207"
"434","-5.190929412841797","-5.190929412841797","-5.190929412841797"
"435","-6.113591194152832","-6.113591194152832","-6.113591194152832"
"436","-4.181460857391357","-4.181460857391357","-4.181460857391357"
"437","-4.69488525390625","-4.69488525390625","-4.69488525390625"
"438","-4.263371467590332","-4.263371467590332","-4.263371467590332"
"439","-5.087935924530029","-5.087935924530029","-5.087935924530029"
"440","-6.352019309997559","-6.352019309997559","-6.352019309997559"
"441","-5.14525032043457","-5.14525032043457","-5.14525032043457"
"442","-6.102397918701172","-6.102397918701172","-6.102397918701172"
"443","-5.5734429359436035","-5.5734429359436035","-5.5734429359436035"
"444","-5.259665012359619","-5.259665012359619","-5.259665012359619"
"445","-2.2699193954467773","-2.2699193954467773","-2.2699193954467773"
"446","-6.223821640014648","-6.223821640014648","-6.223821640014648"
"447","-3.3621301651000977","-3.3621301651000977","-3.3621301651000977"
"448","-5.330575942993164","-5.330575942993164","-5.330575942993164"
"449","-2.5486340522766113","-2.5486340522766113","-2.5486340522766113"
"450","-5.0134382247924805","-5.0134382247924805","-5.0134382247924805"
"451","-2.384589672088623","-2.384589672088623","-2.384589672088623"
"452","-3.083000421524048","-3.083000421524048","-3.083000421524048"
"453","-4.575131416320801","-4.575131416320801","-4.575131416320801"
"454","-4.330615997314453","-4.330615997314453","-4.330615997314453"
"455","-4.165312767028809","-4.165312767028809","-4.165312767028809"
"456","-4.702703952789307","-4.702703952789307","-4.702703952789307"
"457","-3.8777875900268555","-3.8777875900268555","-3.8777875900268555"
"458","-0.7832106351852417","-0.7832106351852417","-0.7832106351852417"
"459","-3.0052545070648193","-3.0052545070648193","-3.0052545070648193"
"460","-4.106842041015625","-4.106842041015625","-4.106842041015625"
"461","-3.7779946327209473","-3.7779946327209473","-3.7779946327209473"
"462","-2.051222801208496","-2.051222801208496","-2.051222801208496"
"463","-3.323524236679077","-3.323524236679077","-3.323524236679077"
"464","-4.009994029998779","-4.009994029998779","-4.009994029998779"
"465","-4.318395614624023","-4.318395614624023","-4.318395614624023"
"466","-3.199244260787964","-3.199244260787964","-3.199244260787964"
"467","-3.6471102237701416","-3.6471102237701416","-3.6471102237701416"
"468","-4.910337924957275","-4.910337924957275","-4.910337924957275"
"469","-7.021678924560547","-7.021678924560547","-7.021678924560547"
"470","-5.152263164520264","-5.152263164520264","-5.152263164520264"
"471","-5.280574321746826","-5.280574321746826","-5.280574321746826"
"472","-3.8730626106262207","-3.8730626106262207","-3.8730626106262207"
"473","-4.9033203125","-4.9033203125","-4.9033203125"
"474","-4.6244659423828125","-4.6244659423828125","-4.6244659423828125"
"475","-4.602494239807129","-4.602494239807129","-4.602494239807129"
"476","-4.659473896026611","-4.659473896026611","-4.659473896026611"
"477","-2.805866241455078","-2.805866241455078","-2.805866241455078"
"478","-1.455733299255371","-1.455733299255371","-1.455733299255371"
"479","-4.37063455581665","-4.37063455581665","-4.37063455581665"
"480","-2.1753780841827393","-2.1753780841827393","-2.1753780841827393"
"481","-4.496851921081543","-4.496851921081543","-4.496851921081543"
"482","-6.17482852935791","-6.17482852935791","-6.17482852935791"
"483","-4.678606986999512","-4.678606986999512","-4.678606986999512"
"484","-4.76373291015625","-4.76373291015625","-4.76373291015625"
"485","-2.306443452835083","-2.306443452835083","-2.306443452835083"
"486","-2.930744171142578","-2.930744171142578","-2.930744171142578"
"487","-3.5820584297180176","-3.5820584297180176","-3.5820584297180176"
"488","-3.7824020385742188","-3.7824020385742188","-3.7824020385742188"
"489","-4.9081268310546875","-4.9081268310546875","-4.9081268310546875"
"490","-4.348743438720703","-4.348743438720703","-4.348743438720703"
"491","-5.574032783508301","-5.574032783508301","-5.574032783508301"
"492","-4.229907035827637","-4.229907035827637","-4.229907035827637"
"493","-4.3324737548828125","-4.3324737548828125","-4.3324737548828125"
"494","-3.619442939758301","-3.619442939758301","-3.619442939758301"
"495","-4.543044567108154","-4.543044567108154","-4.543044567108154"
"496","-2.5184707641601562","-2.5184707641601562","-2.5184707641601562"
"497","-2.743678331375122","-2.743678331375122","-2.743678331375122"
"498","-3.5788443088531494","-3.5788443088531494","-3.5788443088531494"
"499","-3.560772180557251","-3.560772180557251","-3.560772180557251"
"500","-3.6952626705169678","-3.6952626705169678","-3.6952626705169678"
"501","-3.4257824420928955","-3.4257824420928955","-3.4257824420928955"
"502","-4.422185897827148","-4.422185897827148","-4.422185897827148"
"503","-7.834519386291504","-7.834519386291504","-7.834519386291504"
"504","-2.713897705078125","-2.713897705078125","-2.713897705078125"
"505","-4.259790897369385","-4.259790897369385","-4.259790897369385"
"506","-5.775213241577148","-5.775213241577148","-5.775213241577148"
"507","-2.0276126861572266","-2.0276126861572266","-2.0276126861572266"
"508","-2.065462589263916","-2.065462589263916","-2.065462589263916"
"509","-4.644236087799072","-4.644236087799072","-4.644236087799072"
"510","-5.429483413696289","-5.429483413696289","-5.429483413696289"
"511","-3.6263842582702637","-3.6263842582702637","-3.6263842582702637"
"512","-3.4997153282165527","-3.4997153282165527","-3.4997153282165527"
"513","-3.3035335540771484","-3.3035335540771484","-3.3035335540771484"
"514","-3.952169895172119","-3.952169895172119","-3.952169895172119"
"515","-4.06591796875","-4.06591796875","-4.06591796875"
"516","-3.159196376800537","-3.159196376800537","-3.159196376800537"
"517","-3.566460132598877","-3.566460132598877","-3.566460132598877"
"518","-3.3250889778137207","-3.3250889778137207","-3.3250889778137207"
"519","-4.025725364685059","-4.025725364685059","-4.025725364685059"
"520","-5.288739204406738","-5.288739204406738","-5.288739204406738"
"521","-4.205496311187744","-4.205496311187744","-4.205496311187744"
"522","-2.0965774059295654","-2.0965774059295654","-2.0965774059295654"
"523","-2.419137477874756","-2.419137477874756","-2.419137477874756"
"524","-2.9715631008148193","-2.9715631008148193","-2.9715631008148193"
"525","-2.9317498207092285","-2.9317498207092285","-2.9317498207092285"
"526","-3.1611688137054443","-3.1611688137054443","-3.1611688137054443"
"527","-1.719441533088684","-1.719441533088684","-1.719441533088684"
"528","-5.6910529136657715","-5.6910529136657715","-5.6910529136657715"
"529","-4.554128170013428","-4.554128170013428","-4.554128170013428"
"530","-4.929901123046875","-4.929901123046875","-4.929901123046875"
"531","-2.5513975620269775","-2.5513975620269775","-2.5513975620269775"
"532","-2.5460808277130127","-2.5460808277130127","-2.5460808277130127"
"533","-2.210665225982666","-2.210665225982666","-2.210665225982666"
"534","-3.246310234069824","-3.246310234069824","-3.246310234069824"
"535","-5.434390068054199","-5.434390068054199","-5.434390068054199"
"536","-5.456146240234375","-5.456146240234375","-5.456146240234375"
"537","-2.3962721824645996","-2.3962721824645996","-2.3962721824645996"
"538","-4.854419231414795","-4.854419231414795","-4.854419231414795"
"539","-3.1743593215942383","-3.1743593215942383","-3.1743593215942383"
"540","-1.8503698110580444","-1.8503698110580444","-1.8503698110580444"
"541","-3.743300437927246","-3.743300437927246","-3.743300437927246"
"542","-3.2101478576660156","-3.2101478576660156","-3.2101478576660156"
"543","-3.803252935409546","-3.803252935409546","-3.803252935409546"
"544","-4.563352584838867","-4.563352584838867","-4.563352584838867"
"545","-3.417983055114746","-3.417983055114746","-3.417983055114746"
"546","-4.594594478607178","-4.594594478607178","-4.594594478607178"
"547","-3.5426831245422363","-3.5426831245422363","-3.5426831245422363"
"548","-3.2082009315490723","-3.2082009315490723","-3.2082009315490723"
"549","-3.7351818084716797","-3.7351818084716797","-3.7351818084716797"
"550","-5.798596382141113","-5.798596382141113","-5.798596382141113"
"551","-2.128781318664551","-2.128781318664551","-2.128781318664551"
"552","-3.7030422687530518","-3.7030422687530518","-3.7030422687530518"
"553","-4.08815336227417","-4.08815336227417","-4.08815336227417"
"554","-2.541628122329712","-2.541628122329712","-2.541628122329712"
"555","-1.9489386081695557","-1.9489386081695557","-1.9489386081695557"
"556","-3.623157501220703","-3.623157501220703","-3.623157501220703"
"557","-3.0796709060668945","-3.0796709060668945","-3.0796709060668945"
"558","-2.2357468605041504","-2.2357468605041504","-2.2357468605041504"
"559","-2.501866579055786","-2.501866579055786","-2.501866579055786"
"560","-3.6993813514709473","-3.6993813514709473","-3.6993813514709473"
"561","-3.5126609802246094","-3.5126609802246094","-3.5126609802246094"
"562","-3.342933177947998","-3.342933177947998","-3.342933177947998"
"563","-4.317560195922852","-4.317560195922852","-4.317560195922852"
"564","-5.661197185516357","-5.661197185516357","-5.661197185516357"
"565","-3.6258232593536377","-3.6258232593536377","-3.6258232593536377"
"566","-2.076028347015381","-2.076028347015381","-2.076028347015381"
"567","-4.142515182495117","-4.142515182495117","-4.142515182495117"
"568","-5.427608489990234","-5.427608489990234","-5.427608489990234"
"569","-3.200918197631836","-3.200918197631836","-3.200918197631836"
"570","-4.652920722961426","-4.652920722961426","-4.652920722961426"
"571","-1.9775220155715942","-1.9775220155715942","-1.9775220155715942"
"572","-3.824932098388672","-3.824932098388672","-3.824932098388672"
"573","-2.7822425365448","-2.7822425365448","-2.7822425365448"
"574","-4.001201629638672","-4.001201629638672","-4.001201629638672"
"575","-3.1846394538879395","-3.1846394538879395","-3.1846394538879395"
"576","-4.849971294403076","-4.849971294403076","-4.849971294403076"
"577","-4.183794975280762","-4.183794975280762","-4.183794975280762"
"578","-3.960693836212158","-3.960693836212158","-3.960693836212158"
"579","-2.468411445617676","-2.468411445617676","-2.468411445617676"
"580","-2.1957216262817383","-2.1957216262817383","-2.1957216262817383"
"581","-3.692854404449463","-3.692854404449463","-3.692854404449463"
"582","-2.457651138305664","-2.457651138305664","-2.457651138305664"
"583","-2.9894325733184814","-2.9894325733184814","-2.9894325733184814"
"584","-4.169204235076904","-4.169204235076904","-4.169204235076904"
"585","-4.080357074737549","-4.080357074737549","-4.080357074737549"
"586","-2.450913906097412","-2.450913906097412","-2.450913906097412"
"587","-5.869945526123047","-5.869945526123047","-5.869945526123047"
"588","-3.5971732139587402","-3.5971732139587402","-3.5971732139587402"
"589","-2.2538657188415527","-2.2538657188415527","-2.2538657188415527"
"590","-3.2723002433776855","-3.2723002433776855","-3.2723002433776855"
"591","-2.9282357692718506","-2.9282357692718506","-2.9282357692718506"
"592","-3.8335824012756348","-3.8335824012756348","-3.8335824012756348"
"593","-2.789651870727539","-2.789651870727539","-2.789651870727539"
"594","-2.192376136779785","-2.192376136779785","-2.192376136779785"
"595","-6.506019115447998","-6.506019115447998","-6.506019115447998"
"596","-4.097609519958496","-4.097609519958496","-4.097609519958496"
"597","-5.914482593536377","-5.914482593536377","-5.914482593536377"
"598","-5.564826488494873","-5.564826488494873","-5.564826488494873"
"599","-2.0501208305358887","-2.0501208305358887","-2.0501208305358887"
"600","-2.4885213375091553","-2.4885213375091553","-2.4885213375091553"
"601","-4.024992942810059","-4.024992942810059","-4.024992942810059"
"603","0","0","0"
"604","-0.016209077090024948","-0.016209077090024948","-0.016209077090024948"
"605","0.022491706535220146","0.022491706535220146","0.022491706535220146"
"606","-0.04994078725576401","-0.04994078725576401","-0.04994078725576401"
"607","-0.09532827883958817","-0.09532827883958817","-0.09532827883958817"
"608","-0.04041161388158798","-0.04041161388158798","-0.04041161388158798"
"609","-0.009080423042178154","-0.009080423042178154","-0.009080423042178154"
"610","-0.1639387607574463","-0.1639387607574463","-0.1639387607574463"
"611","-0.11487279832363129","-0.11487279832363129","-0.11487279832363129"
"612","-0.25850269198417664","-0.25850269198417664","-0.25850269198417664"
"613","-0.206028014421463","-0.206028014421463","-0.206028014421463"
"614","-0.2059624195098877","-0.2059624195098877","-0.2059624195098877"
"615","-0.28550082445144653","-0.28550082445144653","-0.28550082445144653"
"616","-0.24592232704162598","-0.24592232704162598","-0.24592232704162598"
"617","-0.3583310842514038","-0.3583310842514038","-0.3583310842514038"
"618","-0.5583069324493408","-0.5583069324493408","-0.5583069324493408"
"619","-0.5098901987075806","-0.5098901987075806","-0.5098901987075806"
"620","-0.6862607002258301","-0.6862607002258301","-0.6862607002258301"
"621","-0.6213357448577881","-0.6213357448577881","-0.6213357448577881"
"622","-0.531293511390686","-0.531293511390686","-0.531293511390686"
"623","-0.4794430136680603","-0.4794430136680603","-0.4794430136680603"
"624","-0.7112613320350647","-0.7112613320350647","-0.7112613320350647"
"625","-0.6452969312667847","-0.6452969312667847","-0.6452969312667847"
"626","-0.6568790674209595","-0.6568790674209595","-0.6568790674209595"
"627","-0.8060479164123535","-0.8060479164123535","-0.8060479164123535"
"628","-0.3990393877029419","-0.3990393877029419","-0.3990393877029419"
"629","-0.8100665807723999","-0.8100665807723999","-0.8100665807723999"
"630","-0.7124438285827637","-0.7124438285827637","-0.7124438285827637"
"631","-1.1033947467803955","-1.1033947467803955","-1.1033947467803955"
"632","-0.8133502006530762","-0.8133502006530762","-0.8133502006530762"
"633","-1.3040281534194946","-1.3040281534194946","-1.3040281534194946"
"634","-0.6008803844451904","-0.6008803844451904","-0.6008803844451904"
"635","-1.2081830501556396","-1.2081830501556396","-1.2081830501556396"
"636","-1.3789645433425903","-1.3789645433425903","-1.3789645433425903"
"637","-1.1254981756210327","-1.1254981756210327","-1.1254981756210327"
"638","-1.273838996887207","-1.273838996887207","-1.273838996887207"
"639","-1.4275447130203247","-1.4275447130203247","-1.4275447130203247"
"640","-1.2971011400222778","-1.2971011400222778","-1.2971011400222778"
"641","-1.297977328300476","-1.297977328300476","-1.297977328300476"
"642","-1.3993871212005615","-1.3993871212005615","-1.3993871212005615"
"643","-1.3151897192001343","-1.3151897192001343","-1.3151897192001343"
"644","-1.6496315002441406","-1.6496315002441406","-1.6496315002441406"
"645","-1.4872047901153564","-1.4872047901153564","-1.4872047901153564"
"646","-1.2401926517486572","-1.2401926517486572","-1.2401926517486572"
"647","-1.4212872982025146","-1.4212872982025146","-1.4212872982025146"
"648","-0.84572833776474","-0.84572833776474","-0.84572833776474"
"649","-1.647895336151123","-1.647895336151123","-1.647895336151123"
"650","-0.8653764724731445","-0.8653764724731445","-0.8653764724731445"
"651","-1.3484857082366943","-1.3484857082366943","-1.3484857082366943"
"652","-1.0793869495391846","-1.0793869495391846","-1.0793869495391846"
"653","-0.9862344861030579","-0.9862344861030579","-0.9862344861030579"
"654","-1.1954909563064575","-1.1954909563064575","-1.1954909563064575"
"655","-0.969068706035614","-0.969068706035614","-0.969068706035614"
"656","-1.2640050649642944","-1.2640050649642944","-1.2640050649642944"
"657","-1.1695075035095215","-1.1695075035095215","-1.1695075035095215"
"658","-1.06513249874115","-1.06513249874115","-1.06513249874115"
"659","-0.6346739530563354","-0.6346739530563354","-0.6346739530563354"
"660","-0.8444700837135315","-0.8444700837135315","-0.8444700837135315"
"661","-1.3789892196655273","-1.3789892196655273","-1.3789892196655273"
"662","-1.0730618238449097","-1.0730618238449097","-1.0730618238449097"
"663","-0.7446321845054626","-0.7446321845054626","-0.7446321845054626"
"664","-0.9949902892112732","-0.9949902892112732","-0.9949902892112732"
"665","-1.3638226985931396","-1.3638226985931396","-1.3638226985931396"
"666","-1.0141650438308716","-1.0141650438308716","-1.0141650438308716"
"667","-0.9321177005767822","-0.9321177005767822","-0.9321177005767822"
"668","-1.0178751945495605","-1.0178751945495605","-1.0178751945495605"
"669","-0.9962126016616821","-0.9962126016616821","-0.9962126016616821"
"670","-1.24442720413208","-1.24442720413208","-1.24442720413208"
"671","-1.1704093217849731","-1.1704093217849731","-1.1704093217849731"
"672","-1.331773281097412","-1.331773281097412","-1.331773281097412"
"673","-0.8218222856521606","-0.8218222856521606","-0.8218222856521606"
"674","-1.0891554355621338","-1.0891554355621338","-1.0891554355621338"
"675","-1.303214192390442","-1.303214192390442","-1.303214192390442"
"676","-1.1842042207717896","-1.1842042207717896","-1.1842042207717896"
"677","-0.8471760153770447","-0.8471760153770447","-0.8471760153770447"
"678","-0.7377911806106567","-0.7377911806106567","-0.7377911806106567"
"679","-0.7547566890716553","-0.7547566890716553","-0.7547566890716553"
"680","-1.0222972631454468","-1.0222972631454468","-1.0222972631454468"
"681","-0.8476079702377319","-0.8476079702377319","-0.8476079702377319"
"682","-1.3490989208221436","-1.3490989208221436","-1.3490989208221436"
"683","-1.4494969844818115","-1.4494969844818115","-1.4494969844818115"
"684","-1.352739691734314","-1.352739691734314","-1.352739691734314"
"685","-1.3183870315551758","-1.3183870315551758","-1.3183870315551758"
"686","-1.1034960746765137","-1.1034960746765137","-1.1034960746765137"
"687","-0.9788609147071838","-0.9788609147071838","-0.9788609147071838"
"688","-1.2986847162246704","-1.2986847162246704","-1.2986847162246704"
"689","-1.1554147005081177","-1.1554147005081177","-1.1554147005081177"
"690","-1.1410386562347412","-1.1410386562347412","-1.1410386562347412"
"691","-1.2255010604858398","-1.2255010604858398","-1.2255010604858398"
"692","-1.4375625848770142","-1.4375625848770142","-1.4375625848770142"
"693","-1.1065939664840698","-1.1065939664840698","-1.1065939664840698"
"694","-1.223044514656067","-1.223044514656067","-1.223044514656067"
"695","-1.0390419960021973","-1.0390419960021973","-1.0390419960021973"
"696","-1.0363013744354248","-1.0363013744354248","-1.0363013744354248"
"697","-0.9837361574172974","-0.9837361574172974","-0.9837361574172974"
"698","-1.1118173599243164","-1.1118173599243164","-1.1118173599243164"
"699","-1.1375699043273926","-1.1375699043273926","-1.1375699043273926"
"700","-0.8513492345809937","-0.8513492345809937","-0.8513492345809937"
"701","-0.986842930316925","-0.986842930316925","-0.986842930316925"
"702","-0.934002161026001","-0.934002161026001","-0.934002161026001"
"703","-1.0527230501174927","-1.0527230501174927","-1.0527230501174927"
"704","-1.4575262069702148","-1.4575262069702148","-1.4575262069702148"
"705","-0.5802879333496094","-0.5802879333496094","-0.5802879333496094"
"706","-0.9419345259666443","-0.9419345259666443","-0.9419345259666443"
"707","-1.3745501041412354","-1.3745501041412354","-1.3745501041412354"
"708","-0.8857922554016113","-0.8857922554016113","-0.8857922554016113"
"709","-0.6740602850914001","-0.6740602850914001","-0.6740602850914001"
"710","-1.3034969568252563","-1.3034969568252563","-1.3034969568252563"
"711","-1.111737608909607","-1.111737608909607","-1.111737608909607"
"712","-0.8784600496292114","-0.8784600496292114","-0.8784600496292114"
"713","-0.8197239637374878","-0.8197239637374878","-0.8197239637374878"
"714","-0.9625226259231567","-0.9625226259231567","-0.9625226259231567"
"715","-1.0423556566238403","-1.0423556566238403","-1.0423556566238403"
"716","-1.016262412071228","-1.016262412071228","-1.016262412071228"
"717","-0.9387737512588501","-0.9387737512588501","-0.9387737512588501"
"718","-0.9565422534942627","-0.9565422534942627","-0.9565422534942627"
"719","-1.0617125034332275","-1.0617125034332275","-1.0617125034332275"
"720","-1.0281646251678467","-1.0281646251678467","-1.0281646251678467"
"721","-1.059273600578308","-1.059273600578308","-1.059273600578308"
"722","-1.0597805976867676","-1.0597805976867676","-1.0597805976867676"
"723","-0.7731502652168274","-0.7731502652168274","-0.7731502652168274"
"724","-0.9461016058921814","-0.9461016058921814","-0.9461016058921814"
"725","-0.7391360998153687","-0.7391360998153687","-0.7391360998153687"
"726","-0.674153208732605","-0.674153208732605","-0.674153208732605"
"727","-1.09812593460083","-1.09812593460083","-1.09812593460083"
"728","-0.6951192617416382","-0.6951192617416382","-0.6951192617416382"
"729","-1.4722853899002075","-1.4722853899002075","-1.4722853899002075"
"730","-1.0915865898132324","-1.0915865898132324","-1.0915865898132324"
"731","-1.0179061889648438","-1.0179061889648438","-1.0179061889648438"
"732","-0.5371193289756775","-0.5371193289756775","-0.5371193289756775"
"733","-0.6967290639877319","-0.6967290639877319","-0.6967290639877319"
"734","-0.672490119934082","-0.672490119934082","-0.672490119934082"
"735","-0.6099631786346436","-0.6099631786346436","-0.6099631786346436"
"736","-1.1807509660720825","-1.1807509660720825","-1.1807509660720825"
"737","-1.0611281394958496","-1.0611281394958496","-1.0611281394958496"
"738","-0.4903022050857544","-0.4903022050857544","-0.4903022050857544"
"739","-1.05265212059021","-1.05265212059021","-1.05265212059021"
"740","-0.8883730173110962","-0.8883730173110962","-0.8883730173110962"
"741","-0.6447319388389587","-0.6447319388389587","-0.6447319388389587"
"742","-0.9799736142158508","-0.9799736142158508","-0.9799736142158508"
"743","-0.9847782850265503","-0.9847782850265503","-0.9847782850265503"
"744","-1.003562569618225","-1.003562569618225","-1.003562569618225"
"745","-1.0661799907684326","-1.0661799907684326","-1.0661799907684326"
"746","-0.8309582471847534","-0.8309582471847534","-0.8309582471847534"
"747","-1.2131868600845337","-1.2131868600845337","-1.2131868600845337"
"748","-0.9296133518218994","-0.9296133518218994","-0.9296133518218994"
"749","-0.965796947479248","-0.965796947479248","-0.965796947479248"
"750","-0.628054678440094","-0.628054678440094","-0.628054678440094"
"751","-1.6133524179458618","-1.6133524179458618","-1.6133524179458618"
"752","-0.8365657329559326","-0.8365657329559326","-0.8365657329559326"
"753","-1.118567943572998","-1.118567943572998","-1.118567943572998"
"754","-1.0398094654083252","-1.0398094654083252","-1.0398094654083252"
"755","-0.8339062929153442","-0.8339062929153442","-0.8339062929153442"
"756","-1.0477612018585205","-1.0477612018585205","-1.0477612018585205"
"757","-0.7549961805343628","-0.7549961805343628","-0.7549961805343628"
"758","-1.1265637874603271","-1.1265637874603271","-1.1265637874603271"
"759","-0.8068604469299316","-0.8068604469299316","-0.8068604469299316"
"760","-0.9468508958816528","-0.9468508958816528","-0.9468508958816528"
"761","-1.096240520477295","-1.096240520477295","-1.096240520477295"
"762","-0.8792849779129028","-0.8792849779129028","-0.8792849779129028"
"763","-0.8310670852661133","-0.8310670852661133","-0.8310670852661133"
"764","-1.2183890342712402","-1.2183890342712402","-1.2183890342712402"
"765","-1.4925415515899658","-1.4925415515899658","-1.4925415515899658"
"766","-1.0584951639175415","-1.0584951639175415","-1.0584951639175415"
"767","-0.7465864419937134","-0.7465864419937134","-0.7465864419937134"
"768","-1.0541374683380127","-1.0541374683380127","-1.0541374683380127"
"769","-1.4988247156143188","-1.4988247156143188","-1.4988247156143188"
"770","-0.7582332491874695","-0.7582332491874695","-0.7582332491874695"
"771","-1.271134853363037","-1.271134853363037","-1.271134853363037"
"772","-0.9142144918441772","-0.9142144918441772","-0.9142144918441772"
"773","-0.8987934589385986","-0.8987934589385986","-0.8987934589385986"
"774","-0.9685029983520508","-0.9685029983520508","-0.9685029983520508"
"775","-1.1429871320724487","-1.1429871320724487","-1.1429871320724487"
"776","-0.894542396068573","-0.894542396068573","-0.894542396068573"
"777","-1.4695045948028564","-1.4695045948028564","-1.4695045948028564"
"778","-0.8411592245101929","-0.8411592245101929","-0.8411592245101929"
"779","-0.9654161930084229","-0.9654161930084229","-0.9654161930084229"
"780","-0.6711168885231018","-0.6711168885231018","-0.6711168885231018"
"781","-0.8267889618873596","-0.8267889618873596","-0.8267889618873596"
"782","-0.976028323173523","-0.976028323173523","-0.976028323173523"
"783","-0.9094573259353638","-0.9094573259353638","-0.9094573259353638"
"784","-0.9666480422019958","-0.9666480422019958","-0.9666480422019958"
"785","-1.1114877462387085","-1.1114877462387085","-1.1114877462387085"
"786","-1.2820539474487305","-1.2820539474487305","-1.2820539474487305"
"787","-0.8200334310531616","-0.8200334310531616","-0.8200334310531616"
"788","-1.4063094854354858","-1.4063094854354858","-1.4063094854354858"
"789","-1.017967700958252","-1.017967700958252","-1.017967700958252"
"790","-0.9201971292495728","-0.9201971292495728","-0.9201971292495728"
"791","-1.140216588973999","-1.140216588973999","-1.140216588973999"
"792","-0.8916149735450745","-0.8916149735450745","-0.8916149735450745"
"793","-1.1469565629959106","-1.1469565629959106","-1.1469565629959106"
"794","-1.0562236309051514","-1.0562236309051514","-1.0562236309051514"
"795","-1.0647236108779907","-1.0647236108779907","-1.0647236108779907"
"796","-1.450270414352417","-1.450270414352417","-1.450270414352417"
"797","-1.0819134712219238","-1.0819134712219238","-1.0819134712219238"
"798","-1.374939203262329","-1.374939203262329","-1.374939203262329"
"799","-1.5342884063720703","-1.5342884063720703","-1.5342884063720703"
"800","-0.8505195379257202","-0.8505195379257202","-0.8505195379257202"
"801","-0.9732918739318848","-0.9732918739318848","-0.9732918739318848"
"802","-0.9783354997634888","-0.9783354997634888","-0.9783354997634888"
"804","0","0","0"
"805","-1.3661903142929077","-1.3661903142929077","-1.3661903142929077"
"806","0.8081406354904175","0.8081406354904175","0.8081406354904175"
"807","-1.996006965637207","-1.996006965637207","-1.996006965637207"
"808","-4.082903861999512","-4.082903861999512","-4.082903861999512"
"809","-2.882065773010254","-2.882065773010254","-2.882065773010254"
"810","-2.047212600708008","-2.047212600708008","-2.047212600708008"
"811","-7.384804725646973","-7.384804725646973","-7.384804725646973"
"812","-1.9951623678207397","-1.9951623678207397","-1.9951623678207397"
"813","-9.197257995605469","-9.197257995605469","-9.197257995605469"
"814","-8.731142044067383","-8.731142044067383","-8.731142044067383"
"815","-11.351404190063477","-11.351404190063477","-11.351404190063477"
"816","-7.474159240722656","-7.474159240722656","-7.474159240722656"
"817","-6.505394458770752","-6.505394458770752","-6.505394458770752"
"818","-7.830321311950684","-7.830321311950684","-7.830321311950684"
"819","-15.486376762390137","-15.486376762390137","-15.486376762390137"
"820","-16.033021926879883","-16.033021926879883","-16.033021926879883"
"821","-19.479942321777344","-19.479942321777344","-19.479942321777344"
"822","-11.882135391235352","-11.882135391235352","-11.882135391235352"
"823","-11.405086517333984","-11.405086517333984","-11.405086517333984"
"824","-10.784555435180664","-10.784555435180664","-10.784555435180664"
"825","-19.333433151245117","-19.333433151245117","-19.333433151245117"
"826","-10.894128799438477","-10.894128799438477","-10.894128799438477"
"827","-18.887569427490234","-18.887569427490234","-18.887569427490234"
"828","-13.012432098388672","-13.012432098388672","-13.012432098388672"
"829","-2.3438291549682617","-2.3438291549682617","-2.3438291549682617"
"830","-14.881264686584473","-14.881264686584473","-14.881264686584473"
"831","-13.480132102966309","-13.480132102966309","-13.480132102966309"
"832","-20.666383743286133","-20.666383743286133","-20.666383743286133"
"833","-13.144478797912598","-13.144478797912598","-13.144478797912598"
"834","-21.080230712890625","-21.080230712890625","-21.080230712890625"
"835","-10.176974296569824","-10.176974296569824","-10.176974296569824"
"836","-24.301742553710938","-24.301742553710938","-24.301742553710938"
"837","-23.892114639282227","-23.892114639282227","-23.892114639282227"
"838","-19.699291229248047","-19.699291229248047","-19.699291229248047"
"839","-19.98354148864746","-19.98354148864746","-19.98354148864746"
"840","-19.543258666992188","-19.543258666992188","-19.543258666992188"
"841","-21.211572647094727","-21.211572647094727","-21.211572647094727"
"842","-27.988616943359375","-27.988616943359375","-27.988616943359375"
"843","-24.089529037475586","-24.089529037475586","-24.089529037475586"
"844","-28.756437301635742","-28.756437301635742","-28.756437301635742"
"845","-27.392620086669922","-27.392620086669922","-27.392620086669922"
"846","-28.525388717651367","-28.525388717651367","-28.525388717651367"
"847","-11.434732437133789","-11.434732437133789","-11.434732437133789"
"848","-28.52353286743164","-28.52353286743164","-28.52353286743164"
"849","-13.274893760681152","-13.274893760681152","-13.274893760681152"
"850","-23.746139526367188","-23.746139526367188","-23.746139526367188"
"851","-15.63493824005127","-15.63493824005127","-15.63493824005127"
"852","-22.19672393798828","-22.19672393798828","-22.19672393798828"
"853","-9.530332565307617","-9.530332565307617","-9.530332565307617"
"854","-15.517485618591309","-15.517485618591309","-15.517485618591309"
"855","-22.055992126464844","-22.055992126464844","-22.055992126464844"
"856","-18.153669357299805","-18.153669357299805","-18.153669357299805"
"857","-21.015464782714844","-21.015464782714844","-21.015464782714844"
"858","-20.003435134887695","-20.003435134887695","-20.003435134887695"
"859","-15.00026798248291","-15.00026798248291","-15.00026798248291"
"860","-3.1105308532714844","-3.1105308532714844","-3.1105308532714844"
"861","-14.05074691772461","-14.05074691772461","-14.05074691772461"
"862","-20.41389274597168","-20.41389274597168","-20.41389274597168"
"863","-17.44144058227539","-17.44144058227539","-17.44144058227539"
"864","-7.495383262634277","-7.495383262634277","-7.495383262634277"
"865","-13.77381420135498","-13.77381420135498","-13.77381420135498"
"866","-15.776798248291016","-15.776798248291016","-15.776798248291016"
"867","-20.87167739868164","-20.87167739868164","-20.87167739868164"
"868","-10.885488510131836","-10.885488510131836","-10.885488510131836"
"869","-18.320011138916016","-18.320011138916016","-18.320011138916016"
"870","-22.9272518157959","-22.9272518157959","-22.9272518157959"
"871","-30.98836898803711","-30.98836898803711","-30.98836898803711"
"872","-27.463781356811523","-27.463781356811523","-27.463781356811523"
"873","-22.493955612182617","-22.493955612182617","-22.493955612182617"
"874","-18.446231842041016","-18.446231842041016","-18.446231842041016"
"875","-23.999664306640625","-23.999664306640625","-23.999664306640625"
"876","-21.184646606445312","-21.184646606445312","-21.184646606445312"
"877","-24.505416870117188","-24.505416870117188","-24.505416870117188"
"878","-26.029354095458984","-26.029354095458984","-26.029354095458984"
"879","-11.499932289123535","-11.499932289123535","-11.499932289123535"
"880","-9.205150604248047","-9.205150604248047","-9.205150604248047"
"881","-28.508365631103516","-28.508365631103516","-28.508365631103516"
"882","-14.760478973388672","-14.760478973388672","-14.760478973388672"
"883","-28.65621566772461","-28.65621566772461","-28.65621566772461"
"884","-34.81089401245117","-34.81089401245117","-34.81089401245117"
"885","-20.978960037231445","-20.978960037231445","-20.978960037231445"
"886","-30.058744430541992","-30.058744430541992","-30.058744430541992"
"887","-18.20041847229004","-18.20041847229004","-18.20041847229004"
"888","-17.034351348876953","-17.034351348876953","-17.034351348876953"
"889","-21.23409652709961","-21.23409652709961","-21.23409652709961"
"890","-23.172632217407227","-23.172632217407227","-23.172632217407227"
"891","-24.762142181396484","-24.762142181396484","-24.762142181396484"
"892","-21.5330810546875","-21.5330810546875","-21.5330810546875"
"893","-29.372127532958984","-29.372127532958984","-29.372127532958984"
"894","-22.500545501708984","-22.500545501708984","-22.500545501708984"
"895","-21.485204696655273","-21.485204696655273","-21.485204696655273"
"896","-16.439714431762695","-16.439714431762695","-16.439714431762695"
"897","-22.83946990966797","-22.83946990966797","-22.83946990966797"
"898","-17.07794189453125","-17.07794189453125","-17.07794189453125"
"899","-21.09668731689453","-21.09668731689453","-21.09668731689453"
"900","-21.252212524414062","-21.252212524414062","-21.252212524414062"
"901","-15.523138999938965","-15.523138999938965","-15.523138999938965"
"902","-21.0560245513916","-21.0560245513916","-21.0560245513916"
"903","-18.19879722595215","-18.19879722595215","-18.19879722595215"
"904","-16.805679321289062","-16.805679321289062","-16.805679321289062"
"905","-32.449562072753906","-32.449562072753906","-32.449562072753906"
"906","-12.696310997009277","-12.696310997009277","-12.696310997009277"
"907","-22.696243286132812","-22.696243286132812","-22.696243286132812"
"908","-23.170448303222656","-23.170448303222656","-23.170448303222656"
"909","-13.771129608154297","-13.771129608154297","-13.771129608154297"
"910","-10.350809097290039","-10.350809097290039","-10.350809097290039"
"911","-26.870248794555664","-26.870248794555664","-26.870248794555664"
"912","-26.28790855407715","-26.28790855407715","-26.28790855407715"
"913","-18.12038230895996","-18.12038230895996","-18.12038230895996"
"914","-11.734652519226074","-11.734652519226074","-11.734652519226074"
"915","-14.169464111328125","-14.169464111328125","-14.169464111328125"
"916","-17.349950790405273","-17.349950790405273","-17.349950790405273"
"917","-18.247650146484375","-18.247650146484375","-18.247650146484375"
"918","-17.768417358398438","-17.768417358398438","-17.768417358398438"
"919","-16.44304656982422","-16.44304656982422","-16.44304656982422"
"920","-16.3271427154541","-16.3271427154541","-16.3271427154541"
"921","-15.151476860046387","-15.151476860046387","-15.151476860046387"
"922","-26.003942489624023","-26.003942489624023","-26.003942489624023"
"923","-18.30499839782715","-18.30499839782715","-18.30499839782715"
"924","-11.831202507019043","-11.831202507019043","-11.831202507019043"
"925","-8.716193199157715","-8.716193199157715","-8.716193199157715"
"926","-13.806023597717285","-13.806023597717285","-13.806023597717285"
"927","-15.738258361816406","-15.738258361816406","-15.738258361816406"
"928","-16.53931427001953","-16.53931427001953","-16.53931427001953"
"929","-10.430816650390625","-10.430816650390625","-10.430816650390625"
"930","-25.738279342651367","-25.738279342651367","-25.738279342651367"
"931","-23.29410171508789","-23.29410171508789","-23.29410171508789"
"932","-24.029878616333008","-24.029878616333008","-24.029878616333008"
"933","-8.874181747436523","-8.874181747436523","-8.874181747436523"
"934","-9.559377670288086","-9.559377670288086","-9.559377670288086"
"935","-9.791217803955078","-9.791217803955078","-9.791217803955078"
"936","-9.182014465332031","-9.182014465332031","-9.182014465332031"
"937","-20.887365341186523","-20.887365341186523","-20.887365341186523"
"938","-22.93758773803711","-22.93758773803711","-22.93758773803711"
"939","-9.832340240478516","-9.832340240478516","-9.832340240478516"
"940","-26.833629608154297","-26.833629608154297","-26.833629608154297"
"941","-13.680346488952637","-13.680346488952637","-13.680346488952637"
"942","-4.838868141174316","-4.838868141174316","-4.838868141174316"
"943","-16.742786407470703","-16.742786407470703","-16.742786407470703"
"944","-16.550275802612305","-16.550275802612305","-16.550275802612305"
"945","-15.845423698425293","-15.845423698425293","-15.845423698425293"
"946","-26.296398162841797","-26.296398162841797","-26.296398162841797"
"947","-17.338687896728516","-17.338687896728516","-17.338687896728516"
"948","-20.051660537719727","-20.051660537719727","-20.051660537719727"
"949","-14.971771240234375","-14.971771240234375","-14.971771240234375"
"950","-21.418277740478516","-21.418277740478516","-21.418277740478516"
"951","-14.993518829345703","-14.993518829345703","-14.993518829345703"
"952","-24.244779586791992","-24.244779586791992","-24.244779586791992"
"953","-14.666319847106934","-14.666319847106934","-14.666319847106934"
"954","-19.89785385131836","-19.89785385131836","-19.89785385131836"
"955","-17.25433349609375","-17.25433349609375","-17.25433349609375"
"956","-16.174646377563477","-16.174646377563477","-16.174646377563477"
"957","-7.924206733703613","-7.924206733703613","-7.924206733703613"
"958","-19.480220794677734","-19.480220794677734","-19.480220794677734"
"959","-11.283802032470703","-11.283802032470703","-11.283802032470703"
"960","-9.99132251739502","-9.99132251739502","-9.99132251739502"
"961","-15.876140594482422","-15.876140594482422","-15.876140594482422"
"962","-17.151172637939453","-17.151172637939453","-17.151172637939453"
"963","-14.107856750488281","-14.107856750488281","-14.107856750488281"
"964","-12.007339477539062","-12.007339477539062","-12.007339477539062"
"965","-21.8543643951416","-21.8543643951416","-21.8543643951416"
"966","-26.51456069946289","-26.51456069946289","-26.51456069946289"
"967","-16.309619903564453","-16.309619903564453","-16.309619903564453"
"968","-7.207662582397461","-7.207662582397461","-7.207662582397461"
"969","-21.710227966308594","-21.710227966308594","-21.710227966308594"
"970","-22.562057495117188","-22.562057495117188","-22.562057495117188"
"971","-10.92435359954834","-10.92435359954834","-10.92435359954834"
"972","-18.592548370361328","-18.592548370361328","-18.592548370361328"
"973","-8.431009292602539","-8.431009292602539","-8.431009292602539"
"974","-18.238264083862305","-18.238264083862305","-18.238264083862305"
"975","-14.824790954589844","-14.824790954589844","-14.824790954589844"
"976","-18.827157974243164","-18.827157974243164","-18.827157974243164"
"977","-14.159219741821289","-14.159219741821289","-14.159219741821289"
"978","-21.985342025756836","-21.985342025756836","-21.985342025756836"
"979","-16.49581527709961","-16.49581527709961","-16.49581527709961"
"980","-17.468273162841797","-17.468273162841797","-17.468273162841797"
"981","-12.377950668334961","-12.377950668334961","-12.377950668334961"
"982","-4.679467678070068","-4.679467678070068","-4.679467678070068"
"983","-19.045392990112305","-19.045392990112305","-19.045392990112305"
"984","-12.698982238769531","-12.698982238769531","-12.698982238769531"
"985","-13.727901458740234","-13.727901458740234","-13.727901458740234"
"986","-18.62635040283203","-18.62635040283203","-18.62635040283203"
"987","-20.069190979003906","-20.069190979003906","-20.069190979003906"
"988","-12.496706008911133","-12.496706008911133","-12.496706008911133"
"989","-30.115829467773438","-30.115829467773438","-30.115829467773438"
"990","-17.481544494628906","-17.481544494628906","-17.481544494628906"
"991","-8.650266647338867","-8.650266647338867","-8.650266647338867"
"992","-14.548967361450195","-14.548967361450195","-14.548967361450195"
"993","-12.693461418151855","-12.693461418151855","-12.693461418151855"
"994","-17.19017791748047","-17.19017791748047","-17.19017791748047"
"995","-11.820898056030273","-11.820898056030273","-11.820898056030273"
"996","-7.637969970703125","-7.637969970703125","-7.637969970703125"
"997","-26.06797218322754","-26.06797218322754","-26.06797218322754"
"998","-14.035928726196289","-14.035928726196289","-14.035928726196289"
"999","-28.64533233642578","-28.64533233642578","-28.64533233642578"
"1000","-24.84317398071289","-24.84317398071289","-24.84317398071289"
"1001","-9.585561752319336","-9.585561752319336","-9.585561752319336"
"1002","-12.750286102294922","-12.750286102294922","-12.750286102294922"
"1003","-19.505348205566406","-19.505348205566406","-19.505348205566406"
"1005","0","0","0"
"1006","-0.0013818028382956982","-0.0013818028382956982","-0.0013818028382956982"
"1007","-0.017049137502908707","-0.017049137502908707","-0.017049137502908707"
"1008","-0.0425383485853672","-0.0425383485853672","-0.0425383485853672"
"1009","-0.07219240814447403","-0.07219240814447403","-0.07219240814447403"
"1010","-0.000887356698513031","-0.000887356698513031","-0.000887356698513031"
"1011","0.08430169522762299","0.08430169522762299","0.08430169522762299"
"1012","-0.05153552442789078","-0.05153552442789078","-0.05153552442789078"
"1013","-0.061662785708904266","-0.061662785708904266","-0.061662785708904266"
"1014","-0.11385586857795715","-0.11385586857795715","-0.11385586857795715"
"1015","-0.008717607706785202","-0.008717607706785202","-0.008717607706785202"
"1016","0.009782751090824604","0.009782751090824604","0.009782751090824604"
"1017","0.007320409640669823","0.007320409640669823","0.007320409640669823"
"1018","0.03132111579179764","0.03132111579179764","0.03132111579179764"
"1019","-0.024898625910282135","-0.024898625910282135","-0.024898625910282135"
"1020","-0.13149118423461914","-0.13149118423461914","-0.13149118423461914"
"1021","-0.025659745559096336","-0.025659745559096336","-0.025659745559096336"
"1022","0.05748237669467926","0.05748237669467926","0.05748237669467926"
"1023","0.06424252688884735","0.06424252688884735","0.06424252688884735"
"1024","0.13943694531917572","0.13943694531917572","0.13943694531917572"
"1025","0.10368809103965759","0.10368809103965759","0.10368809103965759"
"1026","0.03970165550708771","0.03970165550708771","0.03970165550708771"
"1027","0.22156955301761627","0.22156955301761627","0.22156955301761627"
"1028","0.23316851258277893","0.23316851258277893","0.23316851258277893"
"1029","0.02890295349061489","0.02890295349061489","0.02890295349061489"
"1030","0.08914846926927567","0.08914846926927567","0.08914846926927567"
"1031","-0.01218696590512991","-0.01218696590512991","-0.01218696590512991"
"1032","0.09053981304168701","0.09053981304168701","0.09053981304168701"
"1033","0.14691610634326935","0.14691610634326935","0.14691610634326935"
"1034","0.0922013446688652","0.0922013446688652","0.0922013446688652"
"1035","0.10193714499473572","0.10193714499473572","0.10193714499473572"
"1036","0.05167873203754425","0.05167873203754425","0.05167873203754425"
"1037","0.023717641830444336","0.023717641830444336","0.023717641830444336"
"1038","-0.05647654086351395","-0.05647654086351395","-0.05647654086351395"
"1039","-0.011608902364969254","-0.011608902364969254","-0.011608902364969254"
"1040","0.022853175178170204","0.022853175178170204","0.022853175178170204"
"1041","0.0848853662610054","0.0848853662610054","0.0848853662610054"
"1042","0.0750359296798706","0.0750359296798706","0.0750359296798706"
"1043","-0.03182745724916458","-0.03182745724916458","-0.03182745724916458"
"1044","-0.10043486207723618","-0.10043486207723618","-0.10043486207723618"
"1045","-0.25417962670326233","-0.25417962670326233","-0.25417962670326233"
"1046","0.07770464569330215","0.07770464569330215","0.07770464569330215"
"1047","0.1959718018770218","0.1959718018770218","0.1959718018770218"
"1048","0.07941573858261108","0.07941573858261108","0.07941573858261108"
"1049","0.2745072841644287","0.2745072841644287","0.2745072841644287"
"1050","0.08021074533462524","0.08021074533462524","0.08021074533462524"
"1051","-0.019001122564077377","-0.019001122564077377","-0.019001122564077377"
"1052","0.18368707597255707","0.18368707597255707","0.18368707597255707"
"1053","0.2796940207481384","0.2796940207481384","0.2796940207481384"
"1054","0.19221824407577515","0.19221824407577515","0.19221824407577515"
"1055","0.2033132165670395","0.2033132165670395","0.2033132165670395"
"1056","0.008096769452095032","0.008096769452095032","0.008096769452095032"
"1057","0.3987535238265991","0.3987535238265991","0.3987535238265991"
"1058","0.2675727307796478","0.2675727307796478","0.2675727307796478"
"1059","0.2709127962589264","0.2709127962589264","0.2709127962589264"
"1060","0.3081757426261902","0.3081757426261902","0.3081757426261902"
"1061","0.24027693271636963","0.24027693271636963","0.24027693271636963"
"1062","0.0769767239689827","0.0769767239689827","0.0769767239689827"
"1063","0.22328777611255646","0.22328777611255646","0.22328777611255646"
"1064","0.13514967262744904","0.13514967262744904","0.13514967262744904"
"1065","0.2808228135108948","0.2808228135108948","0.2808228135108948"
"1066","0.23641417920589447","0.23641417920589447","0.23641417920589447"
"1067","0.2947489619255066","0.2947489619255066","0.2947489619255066"
"1068","-0.11688777804374695","-0.11688777804374695","-0.11688777804374695"
"1069","0.38587966561317444","0.38587966561317444","0.38587966561317444"
"1070","0.2575434148311615","0.2575434148311615","0.2575434148311615"
"1071","0.26255476474761963","0.26255476474761963","0.26255476474761963"
"1072","0.17167840898036957","0.17167840898036957","0.17167840898036957"
"1073","0.16068461537361145","0.16068461537361145","0.16068461537361145"
"1074","0.09635110944509506","0.09635110944509506","0.09635110944509506"
"1075","0.17103682458400726","0.17103682458400726","0.17103682458400726"
"1076","0.029854953289031982","0.029854953289031982","0.029854953289031982"
"1077","0.2448395937681198","0.2448395937681198","0.2448395937681198"
"1078","0.3686928153038025","0.3686928153038025","0.3686928153038025"
"1079","0.505521297454834","0.505521297454834","0.505521297454834"
"1080","0.22098425030708313","0.22098425030708313","0.22098425030708313"
"1081","0.21153324842453003","0.21153324842453003","0.21153324842453003"
"1082","0.25694286823272705","0.25694286823272705","0.25694286823272705"
"1083","0.07449913024902344","0.07449913024902344","0.07449913024902344"
"1084","0.24185208976268768","0.24185208976268768","0.24185208976268768"
"1085","0.29012978076934814","0.29012978076934814","0.29012978076934814"
"1086","-0.013283878564834595","-0.013283878564834595","-0.013283878564834595"
"1087","0.29026690125465393","0.29026690125465393","0.29026690125465393"
"1088","0.45521456003189087","0.45521456003189087","0.45521456003189087"
"1089","0.15682856738567352","0.15682856738567352","0.15682856738567352"
"1090","0.3764112889766693","0.3764112889766693","0.3764112889766693"
"1091","0.22603970766067505","0.22603970766067505","0.22603970766067505"
"1092","0.07726198434829712","0.07726198434829712","0.07726198434829712"
"1093","0.3216279149055481","0.3216279149055481","0.3216279149055481"
"1094","0.3374907970428467","0.3374907970428467","0.3374907970428467"
"1095","0.43052810430526733","0.43052810430526733","0.43052810430526733"
"1096","0.17341458797454834","0.17341458797454834","0.17341458797454834"
"1097","0.1551586091518402","0.1551586091518402","0.1551586091518402"
"1098","0.04847458377480507","0.04847458377480507","0.04847458377480507"
"1099","0.24658721685409546","0.24658721685409546","0.24658721685409546"
"1100","0.3329008221626282","0.3329008221626282","0.3329008221626282"
"1101","0.17374834418296814","0.17374834418296814","0.17374834418296814"
"1102","0.44192448258399963","0.44192448258399963","0.44192448258399963"
"1103","0.4418922960758209","0.4418922960758209","0.4418922960758209"
"1104","0.3023330569267273","0.3023330569267273","0.3023330569267273"
"1105","0.214035302400589","0.214035302400589","0.214035302400589"
"1106","0.3290390968322754","0.3290390968322754","0.3290390968322754"
"1107","0.16681548953056335","0.16681548953056335","0.16681548953056335"
"1108","0.011116746813058853","0.011116746813058853","0.011116746813058853"
"1109","0.1674448549747467","0.1674448549747467","0.1674448549747467"
"1110","0.2178780436515808","0.2178780436515808","0.2178780436515808"
"1111","0.2681597173213959","0.2681597173213959","0.2681597173213959"
"1112","-0.023459114134311676","-0.023459114134311676","-0.023459114134311676"
"1113","0.31926798820495605","0.31926798820495605","0.31926798820495605"
"1114","0.342867910861969","0.342867910861969","0.342867910861969"
"1115","0.33405742049217224","0.33405742049217224","0.33405742049217224"
"1116","0.3269224166870117","0.3269224166870117","0.3269224166870117"
"1117","0.044233597815036774","0.044233597815036774","0.044233597815036774"
"1118","0.05607518181204796","0.05607518181204796","0.05607518181204796"
"1119","0.1551138162612915","0.1551138162612915","0.1551138162612915"
"1120","0.42806944251060486","0.42806944251060486","0.42806944251060486"
"1121","0.14340107142925262","0.14340107142925262","0.14340107142925262"
"1122","0.2558634877204895","0.2558634877204895","0.2558634877204895"
"1123","0.14231401681900024","0.14231401681900024","0.14231401681900024"
"1124","0.18267306685447693","0.18267306685447693","0.18267306685447693"
"1125","0.42623281478881836","0.42623281478881836","0.42623281478881836"
"1126","0.49017858505249023","0.49017858505249023","0.49017858505249023"
"1127","0.05735953897237778","0.05735953897237778","0.05735953897237778"
"1128","0.2919834852218628","0.2919834852218628","0.2919834852218628"
"1129","0.26791462302207947","0.26791462302207947","0.26791462302207947"
"1130","0.39124202728271484","0.39124202728271484","0.39124202728271484"
"1131","0.4239824414253235","0.4239824414253235","0.4239824414253235"
"1132","0.24209626019001007","0.24209626019001007","0.24209626019001007"
"1133","0.16352489590644836","0.16352489590644836","0.16352489590644836"
"1134","0.575097382068634","0.575097382068634","0.575097382068634"
"1135","0.479417622089386","0.479417622089386","0.479417622089386"
"1136","0.33496254682540894","0.33496254682540894","0.33496254682540894"
"1137","0.27577126026153564","0.27577126026153564","0.27577126026153564"
"1138","0.44525668025016785","0.44525668025016785","0.44525668025016785"
"1139","0.23593106865882874","0.23593106865882874","0.23593106865882874"
"1140","0.17070701718330383","0.17070701718330383","0.17070701718330383"
"1141","0.30968761444091797","0.30968761444091797","0.30968761444091797"
"1142","0.20626097917556763","0.20626097917556763","0.20626097917556763"
"1143","0.3713706135749817","0.3713706135749817","0.3713706135749817"
"1144","0.32568359375","0.32568359375","0.32568359375"
"1145","0.3087749779224396","0.3087749779224396","0.3087749779224396"
"1146","0.2985178232192993","0.2985178232192993","0.2985178232192993"
"1147","0.3549882769584656","0.3549882769584656","0.3549882769584656"
"1148","0.3970940113067627","0.3970940113067627","0.3970940113067627"
"1149","-0.21615947782993317","-0.21615947782993317","-0.21615947782993317"
"1150","0.20153410732746124","0.20153410732746124","0.20153410732746124"
"1151","0.2914813756942749","0.2914813756942749","0.2914813756942749"
"1152","0.23775336146354675","0.23775336146354675","0.23775336146354675"
"1153","0.21809548139572144","0.21809548139572144","0.21809548139572144"
"1154","0.2717357873916626","0.2717357873916626","0.2717357873916626"
"1155","0.16334617137908936","0.16334617137908936","0.16334617137908936"
"1156","0.17154037952423096","0.17154037952423096","0.17154037952423096"
"1157","0.1492612212896347","0.1492612212896347","0.1492612212896347"
"1158","0.3221660852432251","0.3221660852432251","0.3221660852432251"
"1159","0.4585858881473541","0.4585858881473541","0.4585858881473541"
"1160","0.11675340682268143","0.11675340682268143","0.11675340682268143"
"1161","0.343723326921463","0.343723326921463","0.343723326921463"
"1162","0.4497734308242798","0.4497734308242798","0.4497734308242798"
"1163","-0.044937752187252045","-0.044937752187252045","-0.044937752187252045"
"1164","0.05514615401625633","0.05514615401625633","0.05514615401625633"
"1165","0.35294049978256226","0.35294049978256226","0.35294049978256226"
"1166","0.22752054035663605","0.22752054035663605","0.22752054035663605"
"1167","0.22720570862293243","0.22720570862293243","0.22720570862293243"
"1168","0.27121084928512573","0.27121084928512573","0.27121084928512573"
"1169","0.31423401832580566","0.31423401832580566","0.31423401832580566"
"1170","0.2441580444574356","0.2441580444574356","0.2441580444574356"
"1171","0.15696603059768677","0.15696603059768677","0.15696603059768677"
"1172","0.3807523846626282","0.3807523846626282","0.3807523846626282"
"1173","0.19076482951641083","0.19076482951641083","0.19076482951641083"
"1174","0.18456152081489563","0.18456152081489563","0.18456152081489563"
"1175","0.35161375999450684","0.35161375999450684","0.35161375999450684"
"1176","0.33229711651802063","0.33229711651802063","0.33229711651802063"
"1177","0.2832319736480713","0.2832319736480713","0.2832319736480713"
"1178","0.3146675229072571","0.3146675229072571","0.3146675229072571"
"1179","0.24561811983585358","0.24561811983585358","0.24561811983585358"
"1180","0.3442056179046631","0.3442056179046631","0.3442056179046631"
"1181","0.21429860591888428","0.21429860591888428","0.21429860591888428"
"1182","0.3442566692829132","0.3442566692829132","0.3442566692829132"
"1183","0.28971415758132935","0.28971415758132935","0.28971415758132935"
"1184","0.35607433319091797","0.35607433319091797","0.35607433319091797"
"1185","0.4795304834842682","0.4795304834842682","0.4795304834842682"
"1186","0.41503480076789856","0.41503480076789856","0.41503480076789856"
"1187","0.2075546681880951","0.2075546681880951","0.2075546681880951"
"1188","0.60821133852005","0.60821133852005","0.60821133852005"
"1189","0.34333062171936035","0.34333062171936035","0.34333062171936035"
"1190","0.37696245312690735","0.37696245312690735","0.37696245312690735"
"1191","0.25003084540367126","0.25003084540367126","0.25003084540367126"
"1192","0.2678309381008148","0.2678309381008148","0.2678309381008148"
"1193","0.15831410884857178","0.15831410884857178","0.15831410884857178"
"1194","0.12930309772491455","0.12930309772491455","0.12930309772491455"
"1195","0.21502943336963654","0.21502943336963654","0.21502943336963654"
"1196","0.39170536398887634","0.39170536398887634","0.39170536398887634"
"1197","0.2810096740722656","0.2810096740722656","0.2810096740722656"
"1198","0.22006365656852722","0.22006365656852722","0.22006365656852722"
"1199","0.15018561482429504","0.15018561482429504","0.15018561482429504"
"1200","0.1745108962059021","0.1745108962059021","0.1745108962059021"
"1201","0.23175090551376343","0.23175090551376343","0.23175090551376343"
"1202","0.25825387239456177","0.25825387239456177","0.25825387239456177"
"1203","0.35544511675834656","0.35544511675834656","0.35544511675834656"
"1204","0.22473764419555664","0.22473764419555664","0.22473764419555664"
"1206","0","0","0"
"1207","-0.01293246727436781","-0.01293246727436781","-0.01293246727436781"
"1208","0.027105487883090973","0.027105487883090973","0.027105487883090973"
"1209","-0.05094999074935913","-0.05094999074935913","-0.05094999074935913"
"1210","-0.08998355269432068","-0.08998355269432068","-0.08998355269432068"
"1211","-0.05413186550140381","-0.05413186550140381","-0.05413186550140381"
"1212","-0.016681717708706856","-0.016681717708706856","-0.016681717708706856"
"1213","-0.13587456941604614","-0.13587456941604614","-0.13587456941604614"
"1214","-0.1309507191181183","-0.1309507191181183","-0.1309507191181183"
"1215","-0.2530824542045593","-0.2530824542045593","-0.2530824542045593"
"1216","-0.21509316563606262","-0.21509316563606262","-0.21509316563606262"
"1217","-0.23478193581104279","-0.23478193581104279","-0.23478193581104279"
"1218","-0.26610100269317627","-0.26610100269317627","-0.26610100269317627"
"1219","-0.22524160146713257","-0.22524160146713257","-0.22524160146713257"
"1220","-0.35683751106262207","-0.35683751106262207","-0.35683751106262207"
"1221","-0.5709365606307983","-0.5709365606307983","-0.5709365606307983"
"1222","-0.5140689015388489","-0.5140689015388489","-0.5140689015388489"
"1223","-0.6977218389511108","-0.6977218389511108","-0.6977218389511108"
"1224","-0.6046316027641296","-0.6046316027641296","-0.6046316027641296"
"1225","-0.5453258752822876","-0.5453258752822876","-0.5453258752822876"
"1226","-0.4904646575450897","-0.4904646575450897","-0.4904646575450897"
"1227","-0.6739842891693115","-0.6739842891693115","-0.6739842891693115"
"1228","-0.6488149166107178","-0.6488149166107178","-0.6488149166107178"
"1229","-0.6818194389343262","-0.6818194389343262","-0.6818194389343262"
"1230","-0.8305114507675171","-0.8305114507675171","-0.8305114507675171"
"1231","-0.4099743962287903","-0.4099743962287903","-0.4099743962287903"
"1232","-0.798803448677063","-0.798803448677063","-0.798803448677063"
"1233","-0.718079686164856","-0.718079686164856","-0.718079686164856"
"1234","-1.129402756690979","-1.129402756690979","-1.129402756690979"
"1235","-0.8363842368125916","-0.8363842368125916","-0.8363842368125916"
"1236","-1.319130539894104","-1.319130539894104","-1.319130539894104"
"1237","-0.5920370221138","-0.5920370221138","-0.5920370221138"
"1238","-1.2106122970581055","-1.2106122970581055","-1.2106122970581055"
"1239","-1.398910641670227","-1.398910641670227","-1.398910641670227"
"1240","-1.1100386381149292","-1.1100386381149292","-1.1100386381149292"
"1241","-1.2557690143585205","-1.2557690143585205","-1.2557690143585205"
"1242","-1.4178385734558105","-1.4178385734558105","-1.4178385734558105"
"1243","-1.3000849485397339","-1.3000849485397339","-1.3000849485397339"
"1244","-1.3095972537994385","-1.3095972537994385","-1.3095972537994385"
"1245","-1.4157835245132446","-1.4157835245132446","-1.4157835245132446"
"1246","-1.3067675828933716","-1.3067675828933716","-1.3067675828933716"
"1247","-1.6671943664550781","-1.6671943664550781","-1.6671943664550781"
"1248","-1.4847468137741089","-1.4847468137741089","-1.4847468137741089"
"1249","-1.2627992630004883","-1.2627992630004883","-1.2627992630004883"
"1250","-1.454967975616455","-1.454967975616455","-1.454967975616455"
"1251","-0.8256047368049622","-0.8256047368049622","-0.8256047368049622"
"1252","-1.6441805362701416","-1.6441805362701416","-1.6441805362701416"
"1253","-0.8514679670333862","-0.8514679670333862","-0.8514679670333862"
"1254","-1.341009497642517","-1.341009497642517","-1.341009497642517"
"1255","-1.1091468334197998","-1.1091468334197998","-1.1091468334197998"
"1256","-1.015946865081787","-1.015946865081787","-1.015946865081787"
"1257","-1.1467854976654053","-1.1467854976654053","-1.1467854976654053"
"1258","-0.9567716121673584","-0.9567716121673584","-0.9567716121673584"
"1259","-1.2583017349243164","-1.2583017349243164","-1.2583017349243164"
"1260","-1.1224356889724731","-1.1224356889724731","-1.1224356889724731"
"1261","-1.0470044612884521","-1.0470044612884521","-1.0470044612884521"
"1262","-0.629083514213562","-0.629083514213562","-0.629083514213562"
"1263","-0.8050574064254761","-0.8050574064254761","-0.8050574064254761"
"1264","-1.369253158569336","-1.369253158569336","-1.369253158569336"
"1265","-1.0444093942642212","-1.0444093942642212","-1.0444093942642212"
"1266","-0.7040532231330872","-0.7040532231330872","-0.7040532231330872"
"1267","-0.9862685203552246","-0.9862685203552246","-0.9862685203552246"
"1268","-1.3337345123291016","-1.3337345123291016","-1.3337345123291016"
"1269","-0.983259916305542","-0.983259916305542","-0.983259916305542"
"1270","-0.8936602473258972","-0.8936602473258972","-0.8936602473258972"
"1271","-0.9735668897628784","-0.9735668897628784","-0.9735668897628784"
"1272","-0.9733376502990723","-0.9733376502990723","-0.9733376502990723"
"1273","-1.1860380172729492","-1.1860380172729492","-1.1860380172729492"
"1274","-1.1415002346038818","-1.1415002346038818","-1.1415002346038818"
"1275","-1.2938543558120728","-1.2938543558120728","-1.2938543558120728"
"1276","-0.8087714314460754","-0.8087714314460754","-0.8087714314460754"
"1277","-1.0411591529846191","-1.0411591529846191","-1.0411591529846191"
"1278","-1.2287583351135254","-1.2287583351135254","-1.2287583351135254"
"1279","-1.1643404960632324","-1.1643404960632324","-1.1643404960632324"
"1280","-0.8043032884597778","-0.8043032884597778","-0.8043032884597778"
"1281","-0.7186374068260193","-0.7186374068260193","-0.7186374068260193"
"1282","-0.6998209357261658","-0.6998209357261658","-0.6998209357261658"
"1283","-0.9722508192062378","-0.9722508192062378","-0.9722508192062378"
"1284","-0.7943316102027893","-0.7943316102027893","-0.7943316102027893"
"1285","-1.2949378490447998","-1.2949378490447998","-1.2949378490447998"
"1286","-1.4202117919921875","-1.4202117919921875","-1.4202117919921875"
"1287","-1.3024752140045166","-1.3024752140045166","-1.3024752140045166"
"1288","-1.2774462699890137","-1.2774462699890137","-1.2774462699890137"
"1289","-1.0276610851287842","-1.0276610851287842","-1.0276610851287842"
"1290","-0.9200787544250488","-0.9200787544250488","-0.9200787544250488"
"1291","-1.2741084098815918","-1.2741084098815918","-1.2741084098815918"
"1292","-1.0896446704864502","-1.0896446704864502","-1.0896446704864502"
"1293","-1.099172830581665","-1.099172830581665","-1.099172830581665"
"1294","-1.1837570667266846","-1.1837570667266846","-1.1837570667266846"
"1295","-1.39133882522583","-1.39133882522583","-1.39133882522583"
"1296","-1.058914303779602","-1.058914303779602","-1.058914303779602"
"1297","-1.2203710079193115","-1.2203710079193115","-1.2203710079193115"
"1298","-1.0076855421066284","-1.0076855421066284","-1.0076855421066284"
"1299","-1.032353401184082","-1.032353401184082","-1.032353401184082"
"1300","-0.9403402209281921","-0.9403402209281921","-0.9403402209281921"
"1301","-1.0547330379486084","-1.0547330379486084","-1.0547330379486084"
"1302","-1.1275819540023804","-1.1275819540023804","-1.1275819540023804"
"1303","-0.8263629674911499","-0.8263629674911499","-0.8263629674911499"
"1304","-0.9440373182296753","-0.9440373182296753","-0.9440373182296753"
"1305","-0.8870368599891663","-0.8870368599891663","-0.8870368599891663"
"1306","-1.0472701787948608","-1.0472701787948608","-1.0472701787948608"
"1307","-1.4244428873062134","-1.4244428873062134","-1.4244428873062134"
"1308","-0.5138002634048462","-0.5138002634048462","-0.5138002634048462"
"1309","-0.9521178007125854","-0.9521178007125854","-0.9521178007125854"
"1310","-1.373654842376709","-1.373654842376709","-1.373654842376709"
"1311","-0.9225934743881226","-0.9225934743881226","-0.9225934743881226"
"1312","-0.6683628559112549","-0.6683628559112549","-0.6683628559112549"
"1313","-1.3284958600997925","-1.3284958600997925","-1.3284958600997925"
"1314","-1.1109404563903809","-1.1109404563903809","-1.1109404563903809"
"1315","-0.890404999256134","-0.890404999256134","-0.890404999256134"
"1316","-0.8099901080131531","-0.8099901080131531","-0.8099901080131531"
"1317","-0.9537568092346191","-0.9537568092346191","-0.9537568092346191"
"1318","-1.0819849967956543","-1.0819849967956543","-1.0819849967956543"
"1319","-1.0012656450271606","-1.0012656450271606","-1.0012656450271606"
"1320","-0.9754220843315125","-0.9754220843315125","-0.9754220843315125"
"1321","-0.9715484976768494","-0.9715484976768494","-0.9715484976768494"
"1322","-1.0837843418121338","-1.0837843418121338","-1.0837843418121338"
"1323","-1.005702018737793","-1.005702018737793","-1.005702018737793"
"1324","-1.0934945344924927","-1.0934945344924927","-1.0934945344924927"
"1325","-1.0709257125854492","-1.0709257125854492","-1.0709257125854492"
"1326","-0.7573990821838379","-0.7573990821838379","-0.7573990821838379"
"1327","-0.9567362070083618","-0.9567362070083618","-0.9567362070083618"
"1328","-0.7354305386543274","-0.7354305386543274","-0.7354305386543274"
"1329","-0.7184250950813293","-0.7184250950813293","-0.7184250950813293"
"1330","-1.0638203620910645","-1.0638203620910645","-1.0638203620910645"
"1331","-0.7258672714233398","-0.7258672714233398","-0.7258672714233398"
"1332","-1.5247020721435547","-1.5247020721435547","-1.5247020721435547"
"1333","-1.1248779296875","-1.1248779296875","-1.1248779296875"
"1334","-1.0451494455337524","-1.0451494455337524","-1.0451494455337524"
"1335","-0.5526553392410278","-0.5526553392410278","-0.5526553392410278"
"1336","-0.7669122815132141","-0.7669122815132141","-0.7669122815132141"
"1337","-0.7297884225845337","-0.7297884225845337","-0.7297884225845337"
"1338","-0.6530405282974243","-0.6530405282974243","-0.6530405282974243"
"1339","-1.1750218868255615","-1.1750218868255615","-1.1750218868255615"
"1340","-1.0770652294158936","-1.0770652294158936","-1.0770652294158936"
"1341","-0.5310662984848022","-0.5310662984848022","-0.5310662984848022"
"1342","-1.0499114990234375","-1.0499114990234375","-1.0499114990234375"
"1343","-0.9402182102203369","-0.9402182102203369","-0.9402182102203369"
"1344","-0.6638082265853882","-0.6638082265853882","-0.6638082265853882"
"1345","-0.9906338453292847","-0.9906338453292847","-0.9906338453292847"
"1346","-1.0228173732757568","-1.0228173732757568","-1.0228173732757568"
"1347","-1.057782530784607","-1.057782530784607","-1.057782530784607"
"1348","-1.0604705810546875","-1.0604705810546875","-1.0604705810546875"
"1349","-0.8281983137130737","-0.8281983137130737","-0.8281983137130737"
"1350","-1.2627880573272705","-1.2627880573272705","-1.2627880573272705"
"1351","-0.9280437231063843","-0.9280437231063843","-0.9280437231063843"
"1352","-0.9509516954421997","-0.9509516954421997","-0.9509516954421997"
"1353","-0.6500694155693054","-0.6500694155693054","-0.6500694155693054"
"1354","-1.6315827369689941","-1.6315827369689941","-1.6315827369689941"
"1355","-0.8546143174171448","-0.8546143174171448","-0.8546143174171448"
"1356","-1.1092898845672607","-1.1092898845672607","-1.1092898845672607"
"1357","-1.0513904094696045","-1.0513904094696045","-1.0513904094696045"
"1358","-0.8510391712188721","-0.8510391712188721","-0.8510391712188721"
"1359","-1.0346431732177734","-1.0346431732177734","-1.0346431732177734"
"1360","-0.7580440640449524","-0.7580440640449524","-0.7580440640449524"
"1361","-1.1452460289001465","-1.1452460289001465","-1.1452460289001465"
"1362","-0.7932591438293457","-0.7932591438293457","-0.7932591438293457"
"1363","-0.9477186799049377","-0.9477186799049377","-0.9477186799049377"
"1364","-1.121005654335022","-1.121005654335022","-1.121005654335022"
"1365","-0.9349594116210938","-0.9349594116210938","-0.9349594116210938"
"1366","-0.79801344871521","-0.79801344871521","-0.79801344871521"
"1367","-1.2349873781204224","-1.2349873781204224","-1.2349873781204224"
"1368","-1.5482337474822998","-1.5482337474822998","-1.5482337474822998"
"1369","-1.0573399066925049","-1.0573399066925049","-1.0573399066925049"
"1370","-0.7453262209892273","-0.7453262209892273","-0.7453262209892273"
"1371","-1.0540375709533691","-1.0540375709533691","-1.0540375709533691"
"1372","-1.5235309600830078","-1.5235309600830078","-1.5235309600830078"
"1373","-0.7735387086868286","-0.7735387086868286","-0.7735387086868286"
"1374","-1.2974510192871094","-1.2974510192871094","-1.2974510192871094"
"1375","-0.9270820021629333","-0.9270820021629333","-0.9270820021629333"
"1376","-0.9170569777488708","-0.9170569777488708","-0.9170569777488708"
"1377","-0.9996623396873474","-0.9996623396873474","-0.9996623396873474"
"1378","-1.1242201328277588","-1.1242201328277588","-1.1242201328277588"
"1379","-0.9327369332313538","-0.9327369332313538","-0.9327369332313538"
"1380","-1.4328534603118896","-1.4328534603118896","-1.4328534603118896"
"1381","-0.8273610472679138","-0.8273610472679138","-0.8273610472679138"
"1382","-0.9709354639053345","-0.9709354639053345","-0.9709354639053345"
"1383","-0.6984150409698486","-0.6984150409698486","-0.6984150409698486"
"1384","-0.820934534072876","-0.820934534072876","-0.820934534072876"
"1385","-1.0309104919433594","-1.0309104919433594","-1.0309104919433594"
"1386","-0.9346140027046204","-0.9346140027046204","-0.9346140027046204"
"1387","-0.9807446002960205","-0.9807446002960205","-0.9807446002960205"
"1388","-1.1391730308532715","-1.1391730308532715","-1.1391730308532715"
"1389","-1.2927474975585938","-1.2927474975585938","-1.2927474975585938"
"1390","-0.8534197807312012","-0.8534197807312012","-0.8534197807312012"
"1391","-1.4335650205612183","-1.4335650205612183","-1.4335650205612183"
"1392","-1.0723485946655273","-1.0723485946655273","-1.0723485946655273"
"1393","-0.9367423057556152","-0.9367423057556152","-0.9367423057556152"
"1394","-1.1538985967636108","-1.1538985967636108","-1.1538985967636108"
"1395","-0.9169317483901978","-0.9169317483901978","-0.9169317483901978"
"1396","-1.133486032485962","-1.133486032485962","-1.133486032485962"
"1397","-1.0668290853500366","-1.0668290853500366","-1.0668290853500366"
"1398","-1.083107590675354","-1.083107590675354","-1.083107590675354"
"1399","-1.4734729528427124","-1.4734729528427124","-1.4734729528427124"
"1400","-1.099805474281311","-1.099805474281311","-1.099805474281311"
"1401","-1.3956429958343506","-1.3956429958343506","-1.3956429958343506"
"1402","-1.5973055362701416","-1.5973055362701416","-1.5973055362701416"
"1403","-0.8785851001739502","-0.8785851001739502","-0.8785851001739502"
"1404","-0.9939219951629639","-0.9939219951629639","-0.9939219951629639"
"1405","-0.9885390996932983","-0.9885390996932983","-0.9885390996932983"